Domain,Company,Original_Name,PE Firm,Year,Source
3iinfrastructure.com,3i Infrastructure,3i Infrastructure,3i Group companies,Unknown,Wikipedia
accountancyage.com,Accountancy Age,Accountancy Age,3i Group companies,Unknown,Wikipedia
actionstore.com,Action (store),Action (store),3i Group companies,Unknown,Wikipedia
agentprovocateurlingerie.com,Agent Provocateur (lingerie),Agent Provocateur (lingerie),3i Group companies,Unknown,Wikipedia
anglianwater.com,Anglian Water,Anglian Water Group,3i Group companies,Unknown,Wikipedia
bestinvest.com,Bestinvest,Bestinvest,Permira companies,Unknown,Wikipedia
boxertvaccess.com,Boxer TV Access,Boxer TV Access,3i Group companies,Unknown,Wikipedia
britishinternationalhelicopters.com,British International Helicopters,British International Helicopters,3i Group companies,Unknown,Wikipedia
cambridgesemiconductorlimited.com,Cambridge Semiconductor Limited,Cambridge Semiconductor Limited,3i Group companies,Unknown,Wikipedia
cityflyerexpress.com,CityFlyer Express,CityFlyer Express,3i Group companies,Unknown,Wikipedia
earlylearningcentre.com,Early Learning Centre,Early Learning Centre,3i Group companies,Unknown,Wikipedia
emtunga.com,Emtunga,Emtunga,3i Group companies,Unknown,Wikipedia
enterprise.com,Enterprise,Enterprise plc,3i Group companies,Unknown,Wikipedia
eversholtrail.com,Eversholt Rail,Eversholt Rail Group,3i Group companies,Unknown,Wikipedia
fairlineyachts.com,Fairline Yachts,Fairline Yachts,3i Group companies,Unknown,Wikipedia
fosterandpartners.com,Foster and Partners,Foster and Partners,3i Group companies,Unknown,Wikipedia
fotolog.com,Fotolog,Fotolog,3i Group companies,Unknown,Wikipedia
fultonsfoods.com,Fulton's Foods,Fulton's Foods,3i Group companies,Unknown,Wikipedia
giraffeworldkitchen.com,Giraffe World Kitchen,Giraffe World Kitchen,3i Group companies,Unknown,Wikipedia
greatwestern.com,Great Western,Great Western Holdings,3i Group companies,Unknown,Wikipedia
greatermanchestermetrolimited.com,Greater Manchester Metro Limited,Greater Manchester Metro Limited,3i Group companies,Unknown,Wikipedia
grt.com,GRT,GRT Group,3i Group companies,Unknown,Wikipedia
homedcorproducts.com,Home Décor Products,Home Décor Products,3i Group companies,Unknown,Wikipedia
hsshire.com,HSS Hire,HSS Hire,3i Group companies,Unknown,Wikipedia
konarkatechnologies.com,Konarka Technologies,Konarka Technologies,3i Group companies,Unknown,Wikipedia
ldv.com,LDV,LDV Group,3i Group companies,Unknown,Wikipedia
meggitt.com,Meggitt,Meggitt,3i Group companies,Unknown,Wikipedia
nallatech.com,Nallatech,Nallatech,3i Group companies,Unknown,Wikipedia
nationalcarparks.com,National Car Parks,National Car Parks,3i Group companies,Unknown,Wikipedia
pedestalsoftware.com,Pedestal Software,Pedestal Software,3i Group companies,Unknown,Wikipedia
regionalrail.com,"Regional Rail,","Regional Rail, LLC",3i Group companies,Unknown,Wikipedia
scandlines.com,Scandlines,Scandlines,3i Group companies,Unknown,Wikipedia
teknikmagasinet.com,Teknikmagasinet,Teknikmagasinet,3i Group companies,Unknown,Wikipedia
temahome.com,Temahome,Temahome,3i Group companies,Unknown,Wikipedia
thomsondirectories.com,Thomson Directories,Thomson Directories,Apax Partners companies,Unknown,Wikipedia
titanairways.com,Titan Airways,Titan Airways,3i Group companies,Unknown,Wikipedia
travellersfare.com,Travellers Fare,Travellers Fare,3i Group companies,Unknown,Wikipedia
tweakers.com,Tweakers,Tweakers,3i Group companies,Unknown,Wikipedia
vet.com,Vet,Vetco,3i Group companies,Unknown,Wikipedia
wallacearnold.com,Wallace Arnold,Wallace Arnold,3i Group companies,Unknown,Wikipedia
wimpyrestaurant.com,Wimpy (restaurant),Wimpy (restaurant),3i Group companies,Unknown,Wikipedia
americanmachineandfoundry.com,American Machine and Foundry,American Machine and Foundry,American Machine and Foundry,Unknown,Wikipedia
amfbowling.com,AMF Bowling,AMF Bowling,American Machine and Foundry,Unknown,Wikipedia
apaxpartners.com,Apax Partners,Apax Partners,Apax Partners companies,Unknown,Wikipedia
activant.com,Activant,Activant,Apax Partners companies,Unknown,Wikipedia
almcompany.com,ALM (company),ALM (company),Apax Partners companies,Unknown,Wikipedia
amey.com,Amey,Amey plc,Apax Partners companies,Unknown,Wikipedia
answerscom.com,Answers.com,Answers.com,Apax Partners companies,Unknown,Wikipedia
aromacafe.com,Aroma Cafe,The Aroma Cafe,Apax Partners companies,Unknown,Wikipedia
ascential.com,Ascential,Ascential,Apax Partners companies,Unknown,Wikipedia
assuredpartnersnl.com,AssuredPartners NL,AssuredPartners NL,Apax Partners companies,Unknown,Wikipedia
autotrader.com,Auto Trader,Auto Trader Group,Apax Partners companies,Unknown,Wikipedia
balticclassifieds.com,Baltic Classifieds,Baltic Classifieds,Apax Partners companies,Unknown,Wikipedia
bankrate.com,Bankrate,Bankrate,Apax Partners companies,Unknown,Wikipedia
bazookachewinggum.com,Bazooka (chewing gum),Bazooka (chewing gum),Apax Partners companies,Unknown,Wikipedia
bezeq.com,Bezeq,Bezeq,Apax Partners companies,Unknown,Wikipedia
boats.com,Boats,Boats Group,Permira companies,Unknown,Wikipedia
boatscom.com,Boats.com,Boats.com,Apax Partners companies,Unknown,Wikipedia
bobsdiscountfurniture.com,Bob's Discount Furniture,Bob's Discount Furniture,Bain Capital companies,Unknown,Wikipedia
bristoltechnology.com,Bristol Technology,Bristol Technology,Apax Partners companies,Unknown,Wikipedia
britishunitedshoemachinery.com,British United Shoe Machinery,British United Shoe Machinery,Apax Partners companies,Unknown,Wikipedia
caferio.com,Cafe Rio,Cafe Rio,Apax Partners companies,Unknown,Wikipedia
capio.com,Capio,Capio,Apax Partners companies,Unknown,Wikipedia
cengage.com,Cengage,Cengage Group,Apax Partners companies,Unknown,Wikipedia
colehaan.com,Cole Haan,Cole Haan,Apax Partners companies,Unknown,Wikipedia
dpgmedia.com,DPG Media,DPG Media,Apax Partners companies,Unknown,Wikipedia
eclipseerp.com,Eclipse ERP,Eclipse ERP,Kohlberg Kravis Roberts companies,Unknown,Wikipedia
epicor.com,Epicor,Epicor,Kohlberg Kravis Roberts companies,Unknown,Wikipedia
evry.com,Evry,Evry,Apax Partners companies,Unknown,Wikipedia
exactcompany.com,Exact (company),Exact (company),Kohlberg Kravis Roberts companies,Unknown,Wikipedia
firste.com,First-e,First-e Group,Apax Partners companies,Unknown,Wikipedia
fractalanalytics.com,Fractal Analytics,Fractal Analytics,Apax Partners companies,Unknown,Wikipedia
gardaworld.com,GardaWorld,GardaWorld,Apax Partners companies,Unknown,Wikipedia
geniussports.com,Genius Sports,Genius Sports,Apax Partners companies,Unknown,Wikipedia
globalblue.com,Global Blue,Global Blue,Silver Lake (investment firm) companies,Unknown,Wikipedia
hibu.com,Hibu,Hibu,Apax Partners companies,Unknown,Wikipedia
hitentertainment.com,HIT Entertainment,HIT Entertainment,Apax Partners companies,Unknown,Wikipedia
hubinternational.com,Hub International,Hub International,Apax Partners companies,Unknown,Wikipedia
incisivemedia.com,Incisive Media,Incisive Media,Apax Partners companies,Unknown,Wikipedia
infopulseukraine.com,Infopulse Ukraine,Infopulse Ukraine,Apax Partners companies,Unknown,Wikipedia
inmarsat.com,Inmarsat,Inmarsat,Warburg Pincus companies,Unknown,Wikipedia
intelsat.com,Intelsat,Intelsat,Silver Lake (investment firm) companies,Unknown,Wikipedia
levercompany.com,Lever (company),Lever (company),Apax Partners companies,Unknown,Wikipedia
matchesfashion.com,Matches Fashion,Matches Fashion,Apax Partners companies,Unknown,Wikipedia
mlnlyckehealthcare.com,Mölnlycke Health Care,Mölnlycke Health Care,Apax Partners companies,Unknown,Wikipedia
newlookcompany.com,New Look (company),New Look (company),Permira companies,Unknown,Wikipedia
nxpsemiconductors.com,NXP Semiconductors,NXP Semiconductors,Silver Lake (investment firm) companies,Unknown,Wikipedia
odido.com,Odido,Odido,Warburg Pincus companies,Unknown,Wikipedia
olesmokydistillery.com,Ole Smoky Distillery,Ole Smoky Distillery,Apax Partners companies,Unknown,Wikipedia
plexsystems.com,Plex Systems,Plex Systems,Apax Partners companies,Unknown,Wikipedia
prodrive.com,Prodrive,Prodrive,Apax Partners companies,Unknown,Wikipedia
prodrivef1.com,Prodrive F1,Prodrive F1,Apax Partners companies,Unknown,Wikipedia
rodenstockgmbh.com,Rodenstock GmbH,Rodenstock GmbH,Permira companies,Unknown,Wikipedia
rue21.com,Rue21,Rue21,Apax Partners companies,Unknown,Wikipedia
salsalabs.com,Salsa Labs,Salsa Labs,Apax Partners companies,Unknown,Wikipedia
saltmobile.com,Salt Mobile,Salt Mobile,Apax Partners companies,Unknown,Wikipedia
smarttechnologies.com,Smart Technologies,Smart Technologies,Apax Partners companies,Unknown,Wikipedia
somerfield.com,Somerfield,Somerfield,Apax Partners companies,Unknown,Wikipedia
sophos.com,Sophos,Sophos,Thoma Bravo companies,Unknown,Wikipedia
subaruworldrallyteam.com,Subaru World Rally Team,Subaru World Rally Team,Apax Partners companies,Unknown,Wikipedia
syneronmedical.com,Syneron Medical,Syneron Medical,Apax Partners companies,Unknown,Wikipedia
tdcholdingas.com,TDC Holding A/S,TDC Holding A/S,Permira companies,Unknown,Wikipedia
tdsoft.com,Tdsoft,Tdsoft,Apax Partners companies,Unknown,Wikipedia
thoughtworks.com,Thoughtworks,Thoughtworks,Apax Partners companies,Unknown,Wikipedia
tnuva.com,Tnuva,Tnuva,Apax Partners companies,Unknown,Wikipedia
tommyhilfigercompany.com,Tommy Hilfiger (company),Tommy Hilfiger (company),Apax Partners companies,Unknown,Wikipedia
trademe.com,Trade Me,Trade Me,Apax Partners companies,Unknown,Wikipedia
tradercorporation.com,Trader Corporation,Trader Corporation,Apax Partners companies,Unknown,Wikipedia
travelex.com,Travelex,Travelex,Apax Partners companies,Unknown,Wikipedia
tropolys.com,Tropolys,Tropolys,Apax Partners companies,Unknown,Wikipedia
vueling.com,Vueling,Vueling,Apax Partners companies,Unknown,Wikipedia
wgsntrendforecasting.com,WGSN (trend forecasting),WGSN (trend forecasting),Apax Partners companies,Unknown,Wikipedia
yachtworld.com,YachtWorld,YachtWorld,Permira companies,Unknown,Wikipedia
yellcompany.com,Yell (company),Yell (company),Apax Partners companies,Unknown,Wikipedia
adt.com,ADT,ADT Inc.,Apollo Global Management companies,Unknown,Wikipedia
affinion.com,Affinion,Affinion Group,Apollo Global Management companies,Unknown,Wikipedia
aleris.com,Aleris,Aleris,TPG Capital companies,Unknown,Wikipedia
atlasairworldwide.com,Atlas Air Worldwide,Atlas Air Worldwide Holdings,Apollo Global Management companies,Unknown,Wikipedia
bradcosupply.com,Bradco Supply,Bradco Supply,Apollo Global Management companies,Unknown,Wikipedia
careerbuilder.com,CareerBuilder,CareerBuilder,Apollo Global Management companies,Unknown,Wikipedia
century21realestate.com,Century 21 Real Estate,Century 21 Real Estate,Apollo Global Management companies,Unknown,Wikipedia
cevalogistics.com,CEVA Logistics,CEVA Logistics,Apollo Global Management companies,Unknown,Wikipedia
chuckecheese.com,Chuck E. Cheese,Chuck E. Cheese,Apollo Global Management companies,Unknown,Wikipedia
claires.com,Claire's,Claire's,Apollo Global Management companies,Unknown,Wikipedia
coinstar.com,Coinstar,Coinstar,Apollo Global Management companies,Unknown,Wikipedia
coldwellbanker.com,Coldwell Banker,Coldwell Banker,Apollo Global Management companies,Unknown,Wikipedia
countrywide.com,Countrywide,Countrywide,Apollo Global Management companies,Unknown,Wikipedia
coxmedia.com,Cox Media,Cox Media Group,Apollo Global Management companies,Unknown,Wikipedia
freshmarket.com,Fresh Market,The Fresh Market,Apollo Global Management companies,Unknown,Wikipedia
goodmanglobal.com,Goodman Global,Goodman Global,Apollo Global Management companies,Unknown,Wikipedia
greatcanadianentertainment.com,Great Canadian Entertainment,Great Canadian Entertainment,Apollo Global Management companies,Unknown,Wikipedia
greatwolfresorts.com,Great Wolf Resorts,Great Wolf Resorts,Apollo Global Management companies,Unknown,Wikipedia
hexion.com,Hexion,Hexion,Apollo Global Management companies,Unknown,Wikipedia
jacuzzi.com,Jacuzzi,Jacuzzi,Apollo Global Management companies,Unknown,Wikipedia
legendaryentertainment.com,Legendary Entertainment,Legendary Entertainment,Apollo Global Management companies,Unknown,Wikipedia
linensnthings.com,Linens 'n Things,Linens 'n Things,Apollo Global Management companies,Unknown,Wikipedia
mcgrawhilleducation.com,McGraw Hill Education,McGraw Hill Education,Apollo Global Management companies,Unknown,Wikipedia
michaels.com,Michaels,Michaels,Blackstone Inc. companies,Unknown,Wikipedia
norandamines.com,Noranda Mines,Noranda Mines,Apollo Global Management companies,Unknown,Wikipedia
oceaniacruises.com,Oceania Cruises,Oceania Cruises,Apollo Global Management companies,Unknown,Wikipedia
qdoba.com,Qdoba,Qdoba,Apollo Global Management companies,Unknown,Wikipedia
rackspacetechnology.com,Rackspace Technology,Rackspace Technology,Apollo Global Management companies,Unknown,Wikipedia
redbox.com,Redbox,Redbox,Apollo Global Management companies,Unknown,Wikipedia
regentsevenseascruises.com,Regent Seven Seas Cruises,Regent Seven Seas Cruises,Apollo Global Management companies,Unknown,Wikipedia
restaurant.com,Restaurant,The Restaurant Group,Apollo Global Management companies,Unknown,Wikipedia
shutterfly.com,Shutterfly,Shutterfly,Apollo Global Management companies,Unknown,Wikipedia
smartfinal.com,Smart & Final,Smart & Final,Apollo Global Management companies,Unknown,Wikipedia
sothebysinternationalrealty.com,Sotheby's International Realty,Sotheby's International Realty,Apollo Global Management companies,Unknown,Wikipedia
techdata.com,Tech Data,Tech Data,Apollo Global Management companies,Unknown,Wikipedia
ventia.com,Ventia,Ventia,Apollo Global Management companies,Unknown,Wikipedia
versocorporation.com,Verso Corporation,Verso Corporation,Apollo Global Management companies,Unknown,Wikipedia
yahooinc2017present.com,Yahoo! Inc. (2017–present),Yahoo! Inc. (2017–present),Apollo Global Management companies,Unknown,Wikipedia
academyatswiftriver.com,Academy at Swift River,Academy at Swift River,Bain Capital companies,Unknown,Wikipedia
accuridecorporation.com,Accuride Corporation,Accuride Corporation,Bain Capital companies,Unknown,Wikipedia
ahlstrommunksj.com,Ahlstrom-Munksjö,Ahlstrom-Munksjö,Bain Capital companies,Unknown,Wikipedia
akkaio.com,Akka.io,Akka.io,Bain Capital companies,Unknown,Wikipedia
americanstandardbrands.com,American Standard Brands,American Standard Brands,Bain Capital companies,Unknown,Wikipedia
apextool.com,Apex Tool,Apex Tool Group,Bain Capital companies,Unknown,Wikipedia
appassure.com,AppAssure,AppAssure,Bain Capital companies,Unknown,Wikipedia
appleleisure.com,Apple Leisure,Apple Leisure Group,Kohlberg Kravis Roberts companies,Unknown,Wikipedia
arajet.com,Arajet,Arajet,Bain Capital companies,Unknown,Wikipedia
armitageshanks.com,Armitage Shanks,Armitage Shanks,Bain Capital companies,Unknown,Wikipedia
artisanentertainment.com,Artisan Entertainment,Artisan Entertainment,Bain Capital companies,Unknown,Wikipedia
asatsudk.com,Asatsu-DK,Asatsu-DK,Bain Capital companies,Unknown,Wikipedia
ashworthcollege.com,Ashworth College,Ashworth College,Bain Capital companies,Unknown,Wikipedia
asimcotechnologies.com,ASIMCO Technologies,ASIMCO Technologies,Bain Capital companies,Unknown,Wikipedia
aspeneducation.com,Aspen Education,Aspen Education Group,Warburg Pincus companies,Unknown,Wikipedia
athenahealth.com,Athenahealth,Athenahealth,Bain Capital companies,Unknown,Wikipedia
bavariayachtbau.com,Bavaria Yachtbau,Bavaria Yachtbau,Bain Capital companies,Unknown,Wikipedia
benchaccounting.com,Bench Accounting,Bench Accounting,Bain Capital companies,Unknown,Wikipedia
bioproductslaboratory.com,Bio Products Laboratory,Bio Products Laboratory,Permira companies,Unknown,Wikipedia
bliptv.com,Blip.tv,Blip.tv,Bain Capital companies,Unknown,Wikipedia
bluecoatsystems.com,Blue Coat Systems,Blue Coat Systems,Bain Capital companies,Unknown,Wikipedia
bluenile.com,Blue Nile,Blue Nile Inc.,Bain Capital companies,Unknown,Wikipedia
bmcsoftware.com,BMC Software,BMC Software,Kohlberg Kravis Roberts companies,Unknown,Wikipedia
bookersoftware.com,Booker Software,Booker Software,Bain Capital companies,Unknown,Wikipedia
boostjuice.com,Boost Juice,Boost Juice,Bain Capital companies,Unknown,Wikipedia
brakebros.com,Brake Bros,Brake Bros,Bain Capital companies,Unknown,Wikipedia
brenntag.com,Brenntag,Brenntag,Bain Capital companies,Unknown,Wikipedia
brighthorizons.com,Bright Horizons,Bright Horizons,Bain Capital companies,Unknown,Wikipedia
brillio.com,Brillio,Brillio,Bain Capital companies,Unknown,Wikipedia
bromleybrookschool.com,Bromley Brook School,Bromley Brook School,Bain Capital companies,Unknown,Wikipedia
brookstone.com,Brookstone,Brookstone,Bain Capital companies,Unknown,Wikipedia
brp.com,BRP,BRP Inc.,Bain Capital companies,Unknown,Wikipedia
bugaboointernational.com,Bugaboo International,Bugaboo International,Bain Capital companies,Unknown,Wikipedia
burgerking.com,Burger King,Burger King,Bain Capital companies,Unknown,Wikipedia
burlingtondepartmentstore.com,Burlington (department store),Burlington (department store),Bain Capital companies,Unknown,Wikipedia
buywithme.com,BuyWithMe,BuyWithMe,Bain Capital companies,Unknown,Wikipedia
canadagooseclothing.com,Canada Goose (clothing),Canada Goose (clothing),Bain Capital companies,Unknown,Wikipedia
cinemex.com,Cinemex,Cinemex,The Carlyle Group companies,Unknown,Wikipedia
cnabookstore.com,CNA (bookstore),CNA (bookstore),Bain Capital companies,Unknown,Wikipedia
colorlabs.com,Color Labs,Color Labs,Bain Capital companies,Unknown,Wikipedia
crchealth.com,CRC Health,CRC Health Group,Bain Capital companies,Unknown,Wikipedia
,D+M,D+M Group,Bain Capital companies,Unknown,Wikipedia
diversey.com,Diversey,Diversey Holdings,Bain Capital companies,Unknown,Wikipedia
dollarama.com,Dollarama,Dollarama,Bain Capital companies,Unknown,Wikipedia
dominos.com,Domino's,Domino's,Bain Capital companies,Unknown,Wikipedia
doubleclick.com,DoubleClick,DoubleClick,Bain Capital companies,Unknown,Wikipedia
duanereade.com,Duane Reade,Duane Reade,Bain Capital companies,Unknown,Wikipedia
dunkinbrands.com,Dunkin' Brands,Dunkin' Brands,The Carlyle Group companies,Unknown,Wikipedia
edcon.com,Edcon,Edcon,Bain Capital companies,Unknown,Wikipedia
elevationsrtc.com,Elevations RTC,Elevations RTC,Bain Capital companies,Unknown,Wikipedia
emcurepharmaceuticals.com,Emcure Pharmaceuticals,Emcure Pharmaceuticals,Bain Capital companies,Unknown,Wikipedia
enterprisedb.com,EnterpriseDB,EnterpriseDB,Bain Capital companies,Unknown,Wikipedia
estiahealth.com,Estia Health,Estia Health,Bain Capital companies,Unknown,Wikipedia
esure.com,Esure,Esure,Bain Capital companies,Unknown,Wikipedia
excelacademyconroetexas.com,"Excel Academy (Conroe, Texas)","Excel Academy (Conroe, Texas)",Bain Capital companies,Unknown,Wikipedia
extrahopnetworks.com,ExtraHop Networks,ExtraHop Networks,Bain Capital companies,Unknown,Wikipedia
fedrigoni.com,Fedrigoni,Fedrigoni,Bain Capital companies,Unknown,Wikipedia
thefindcom.com,TheFind.com,TheFind.com,Bain Capital companies,Unknown,Wikipedia
fingerhut.com,Fingerhut,Fingerhut,Bain Capital companies,Unknown,Wikipedia
fogodecho.com,Fogo de Chão,Fogo de Chão,Bain Capital companies,Unknown,Wikipedia
fteautomotive.com,FTE automotive,FTE automotive,Bain Capital companies,Unknown,Wikipedia
gartner.com,Gartner,Gartner,Bain Capital companies,Unknown,Wikipedia
genpact.com,Genpact,Genpact,Bain Capital companies,Unknown,Wikipedia
gomeelectricalappliances.com,GOME Electrical Appliances,GOME Electrical Appliances,Bain Capital companies,Unknown,Wikipedia
guidehouse.com,Guidehouse,Guidehouse,Bain Capital companies,Unknown,Wikipedia
guitarcenter.com,Guitar Center,Guitar Center,Bain Capital companies,Unknown,Wikipedia
gymboree.com,Gymboree,Gymboree,Bain Capital companies,Unknown,Wikipedia
hcahealthcare.com,HCA Healthcare,HCA Healthcare,Kohlberg Kravis Roberts companies,Unknown,Wikipedia
hdsupply.com,HD Supply,HD Supply,The Carlyle Group companies,Unknown,Wikipedia
houghtonmifflinharcourt.com,Houghton Mifflin Harcourt,Houghton Mifflin Harcourt,Blackstone Inc. companies,Unknown,Wikipedia
hudl.com,Hudl,Hudl,Bain Capital companies,Unknown,Wikipedia
ibstock.com,Ibstock,Ibstock plc,Bain Capital companies,Unknown,Wikipedia
idealstandard.com,Ideal Standard,Ideal Standard,Bain Capital companies,Unknown,Wikipedia
iheartmedia.com,IHeartMedia,IHeartMedia,Bain Capital companies,Unknown,Wikipedia
inrix.com,INRIX,INRIX,Bain Capital companies,Unknown,Wikipedia
itpaero.com,ITP Aero,ITP Aero,Bain Capital companies,Unknown,Wikipedia
jackwolfskin.com,Jack Wolfskin,Jack Wolfskin,Blackstone Inc. companies,Unknown,Wikipedia
jetcom.com,Jet.com,Jet.com,Bain Capital companies,Unknown,Wikipedia
kbank.com,K Bank,K Bank,Bain Capital companies,Unknown,Wikipedia
kansascityboltandnutcompanyplant.com,Kansas City Bolt and Nut Company plant,Kansas City Bolt and Nut Company plant,Bain Capital companies,Unknown,Wikipedia
kantar.com,Kantar,Kantar Group,Bain Capital companies,Unknown,Wikipedia
kbtoys.com,KB Toys,KB Toys,Bain Capital companies,Unknown,Wikipedia
kioxia.com,Kioxia,Kioxia,Bain Capital companies,Unknown,Wikipedia
lilliputkidswear.com,Lilliput Kidswear,Lilliput Kidswear,Bain Capital companies,Unknown,Wikipedia
loewscineplexentertainment.com,Loews Cineplex Entertainment,Loews Cineplex Entertainment,The Carlyle Group companies,Unknown,Wikipedia
maisonsdumonde.com,Maisons du Monde,Maisons du Monde,Bain Capital companies,Unknown,Wikipedia
manischewitz.com,Manischewitz,Manischewitz,Bain Capital companies,Unknown,Wikipedia
mirrorlakerecoverycenter.com,Mirror Lake Recovery Center,Mirror Lake Recovery Center,Bain Capital companies,Unknown,Wikipedia
mixpanel.com,Mixpanel,Mixpanel,Bain Capital companies,Unknown,Wikipedia
mountbacheloracademy.com,Mount Bachelor Academy,Mount Bachelor Academy,Bain Capital companies,Unknown,Wikipedia
myobcompany.com,MYOB (company),MYOB (company),Kohlberg Kravis Roberts companies,Unknown,Wikipedia
newleafacademy.com,New Leaf Academy,New Leaf Academy,Bain Capital companies,Unknown,Wikipedia
nexi.com,Nexi,Nexi,Bain Capital companies,Unknown,Wikipedia
northstarcenter.com,NorthStar Center,NorthStar Center,Bain Capital companies,Unknown,Wikipedia
optimizely.com,Optimizely,Optimizely,Bain Capital companies,Unknown,Wikipedia
pennfostercareerschool.com,Penn Foster Career School,Penn Foster Career School,Bain Capital companies,Unknown,Wikipedia
pennfostercollege.com,Penn Foster College,Penn Foster College,Bain Capital companies,Unknown,Wikipedia
physiocontrol.com,Physio-Control,Physio-Control,Bain Capital companies,Unknown,Wikipedia
pronovias.com,Pronovias,Pronovias,Bain Capital companies,Unknown,Wikipedia
puhuainternationalhospitalandclinics.com,Puhua International Hospital and Clinics,Puhua International Hospital and Clinics,Bain Capital companies,Unknown,Wikipedia
ravemobilesafety.com,Rave Mobile Safety,Rave Mobile Safety,Bain Capital companies,Unknown,Wikipedia
retailzoo.com,Retail Zoo,Retail Zoo,Bain Capital companies,Unknown,Wikipedia
ritmotecacom.com,Ritmoteca.com,Ritmoteca.com,Bain Capital companies,Unknown,Wikipedia
sealycorporation.com,Sealy Corporation,Sealy Corporation,Kohlberg Kravis Roberts companies,Unknown,Wikipedia
sedonaskyacademy.com,Sedona Sky Academy,Sedona Sky Academy,Bain Capital companies,Unknown,Wikipedia
sendgrid.com,SendGrid,SendGrid,Bain Capital companies,Unknown,Wikipedia
sevone.com,SevOne,SevOne,Bain Capital companies,Unknown,Wikipedia
shoppersdrugmart.com,Shoppers Drug Mart,Shoppers Drug Mart,Kohlberg Kravis Roberts companies,Unknown,Wikipedia
siemensdigitalindustriessoftware.com,Siemens Digital Industries Software,Siemens Digital Industries Software,Warburg Pincus companies,Unknown,Wikipedia
squaretrade.com,SquareTrade,SquareTrade,Bain Capital companies,Unknown,Wikipedia
stackdriver.com,Stackdriver,Stackdriver,Bain Capital companies,Unknown,Wikipedia
stadaarzneimittel.com,Stada Arzneimittel,Stada Arzneimittel,Bain Capital companies,Unknown,Wikipedia
sungard.com,SunGard,SunGard,Kohlberg Kravis Roberts companies,Unknown,Wikipedia
surveymonkey.com,SurveyMonkey,SurveyMonkey,Bain Capital companies,Unknown,Wikipedia
tmlewin.com,T. M. Lewin,T. M. Lewin,Bain Capital companies,Unknown,Wikipedia
teachtown.com,TeachTown,TeachTown,Bain Capital companies,Unknown,Wikipedia
tealium.com,Tealium,Tealium,Bain Capital companies,Unknown,Wikipedia
tifluidsystems.com,TI Fluid Systems,TI Fluid Systems,Bain Capital companies,Unknown,Wikipedia
tigerairaustralia.com,Tigerair Australia,Tigerair Australia,Bain Capital companies,Unknown,Wikipedia
tokbox.com,TokBox,TokBox,Bain Capital companies,Unknown,Wikipedia
tomsshoes.com,Toms Shoes,Toms Shoes,Bain Capital companies,Unknown,Wikipedia
totesisotoner.com,Totes Isotoner,Totes Isotoner,Bain Capital companies,Unknown,Wikipedia
toysrus.com,"Toys ""R"" Us","Toys ""R"" Us",Kohlberg Kravis Roberts companies,Unknown,Wikipedia
transmaldivianairways.com,Trans Maldivian Airways,Trans Maldivian Airways,Bain Capital companies,Unknown,Wikipedia
trinseo.com,Trinseo,Trinseo,Bain Capital companies,Unknown,Wikipedia
turbonomic.com,Turbonomic,Turbonomic,Bain Capital companies,Unknown,Wikipedia
unisourceworldwide.com,Unisource Worldwide,Unisource Worldwide,Bain Capital companies,Unknown,Wikipedia
uniview.com,Uniview,Uniview,Bain Capital companies,Unknown,Wikipedia
usinternetworking.com,USinternetworking,USinternetworking,Bain Capital companies,Unknown,Wikipedia
valeofoods.com,Valeo Foods,Valeo Foods,Bain Capital companies,Unknown,Wikipedia
varsitybrands.com,Varsity Brands,Varsity Brands,Kohlberg Kravis Roberts companies,Unknown,Wikipedia
vention.com,Vention,Vention,Bain Capital companies,Unknown,Wikipedia
virginaustralia.com,Virgin Australia,Virgin Australia Holdings,Bain Capital companies,Unknown,Wikipedia
virginvoyages.com,Virgin Voyages,Virgin Voyages,Bain Capital companies,Unknown,Wikipedia
warnermusic.com,Warner Music,Warner Music Group,Providence Equity Partners companies,Unknown,Wikipedia
weather.com,Weather,The Weather Company,Bain Capital companies,Unknown,Wikipedia
wellspringacademies.com,Wellspring Academies,Wellspring Academies,Bain Capital companies,Unknown,Wikipedia
worldpay.com,Worldpay,Worldpay Group,Bain Capital companies,Unknown,Wikipedia
wrike.com,Wrike,Wrike,Bain Capital companies,Unknown,Wikipedia
youku.com,Youku,Youku,Bain Capital companies,Unknown,Wikipedia
zeroturnaround.com,ZeroTurnaround,ZeroTurnaround,Bain Capital companies,Unknown,Wikipedia
americanaxle.com,American Axle,American Axle,Blackstone Inc. companies,Unknown,Wikipedia
ancestrycom.com,Ancestry.com,Ancestry.com,Silver Lake (investment firm) companies,Unknown,Wikipedia
candlemedia.com,Candle Media,Candle Media,Blackstone Inc. companies,Unknown,Wikipedia
chicagoandnorthwesternrailway.com,Chicago and North Western Railway,Chicago and North Western Railway,Blackstone Inc. companies,Unknown,Wikipedia
cineworld.com,Cineworld,Cineworld,Blackstone Inc. companies,Unknown,Wikipedia
civicacompany.com,Civica (company),Civica (company),Blackstone Inc. companies,Unknown,Wikipedia
crownresorts.com,Crown Resorts,Crown Resorts,Blackstone Inc. companies,Unknown,Wikipedia
cvent.com,Cvent,Cvent,Blackstone Inc. companies,Unknown,Wikipedia
eqoffice.com,EQ Office,EQ Office,Blackstone Inc. companies,Unknown,Wikipedia
esselpropack.com,Essel Propack,Essel Propack,Blackstone Inc. companies,Unknown,Wikipedia
extendedstayamerica.com,Extended Stay America,Extended Stay America,Blackstone Inc. companies,Unknown,Wikipedia
freescalesemiconductor.com,Freescale Semiconductor,Freescale Semiconductor,Blackstone Inc. companies,Unknown,Wikipedia
gatewaytelevision.com,Gateway Television,Gateway Television,Blackstone Inc. companies,Unknown,Wikipedia
healthmarkets.com,HealthMarkets,HealthMarkets,Blackstone Inc. companies,Unknown,Wikipedia
hiltongrandvacations.com,Hilton Grand Vacations,Hilton Grand Vacations,Blackstone Inc. companies,Unknown,Wikipedia
internationaldata.com,International Data,International Data Group,Blackstone Inc. companies,Unknown,Wikipedia
iqstudentaccommodation.com,IQ Student Accommodation,IQ Student Accommodation,Blackstone Inc. companies,Unknown,Wikipedia
kosmosenergy.com,Kosmos Energy,Kosmos Energy,Warburg Pincus companies,Unknown,Wikipedia
laquintainnssuites.com,La Quinta Inns & Suites,La Quinta Inns & Suites,Blackstone Inc. companies,Unknown,Wikipedia
latrobefinancial.com,La Trobe Financial,La Trobe Financial,Blackstone Inc. companies,Unknown,Wikipedia
legoland.com,Legoland,Legoland,Blackstone Inc. companies,Unknown,Wikipedia
leicacamera.com,Leica Camera,Leica Camera,Blackstone Inc. companies,Unknown,Wikipedia
logicor.com,Logicor,Logicor,Blackstone Inc. companies,Unknown,Wikipedia
merlinentertainments.com,Merlin Entertainments,Merlin Entertainments,CVC Capital Partners companies,Unknown,Wikipedia
mnrkmusic.com,MNRK Music,MNRK Music Group,Blackstone Inc. companies,Unknown,Wikipedia
mphasis.com,Mphasis,Mphasis,Blackstone Inc. companies,Unknown,Wikipedia
nec.com,NEC,NEC Group,Blackstone Inc. companies,Unknown,Wikipedia
office.com,Office,The Office Group,Blackstone Inc. companies,Unknown,Wikipedia
paysafe.com,Paysafe,Paysafe,CVC Capital Partners companies,Unknown,Wikipedia
pgpglass.com,PGP Glass,PGP Glass,Blackstone Inc. companies,Unknown,Wikipedia
portaventurapark.com,PortAventura Park,PortAventura Park,Kohlberg Kravis Roberts companies,Unknown,Wikipedia
recognitionmusic.com,Recognition Music,Recognition Music Group,Blackstone Inc. companies,Unknown,Wikipedia
rovercompany.com,Rover (company),Rover (company),Blackstone Inc. companies,Unknown,Wikipedia
unitedparksresorts.com,United Parks & Resorts,United Parks & Resorts,Blackstone Inc. companies,Unknown,Wikipedia
servicekingcollisionrepair.com,Service King Collision Repair,Service King Collision Repair,The Carlyle Group companies,Unknown,Wikipedia
servpro.com,Servpro,Servpro,Blackstone Inc. companies,Unknown,Wikipedia
sesac.com,SESAC,SESAC,Blackstone Inc. companies,Unknown,Wikipedia
smartsheet.com,Smartsheet,Smartsheet Inc.,Blackstone Inc. companies,Unknown,Wikipedia
southerncrosshealthcareunitedkingdom.com,Southern Cross Healthcare (United Kingdom),Southern Cross Healthcare (United Kingdom),Blackstone Inc. companies,Unknown,Wikipedia
spanx.com,Spanx,Spanx,Blackstone Inc. companies,Unknown,Wikipedia
stearnslending.com,Stearns Lending,Stearns Lending,Blackstone Inc. companies,Unknown,Wikipedia
teamhealth.com,TeamHealth,TeamHealth,Blackstone Inc. companies,Unknown,Wikipedia
toprydecity.com,Top Ryde City,Top Ryde City,Blackstone Inc. companies,Unknown,Wikipedia
travelport.com,Travelport,Travelport,Blackstone Inc. companies,Unknown,Wikipedia
trizecproperties.com,Trizec Properties,Trizec Properties,Blackstone Inc. companies,Unknown,Wikipedia
tussauds.com,Tussauds,The Tussauds Group,Blackstone Inc. companies,Unknown,Wikipedia
vivint.com,Vivint,Vivint,Blackstone Inc. companies,Unknown,Wikipedia
caissededptetplacementduqubec.com,Caisse de dépôt et placement du Québec,Caisse de dépôt et placement du Québec,Caisse de dépôt et placement du Québec companies,Unknown,Wikipedia
healthscope.com,Healthscope,Healthscope,The Carlyle Group companies,Unknown,Wikipedia
heathrowairport.com,Heathrow Airport,Heathrow Airport Holdings,Caisse de dépôt et placement du Québec companies,Unknown,Wikipedia
keolis.com,Keolis,Keolis,Caisse de dépôt et placement du Québec companies,Unknown,Wikipedia
metrotrainssydney.com,Metro Trains Sydney,Metro Trains Sydney,Caisse de dépôt et placement du Québec companies,Unknown,Wikipedia
plenary.com,Plenary,Plenary Group,Caisse de dépôt et placement du Québec companies,Unknown,Wikipedia
portofbrisbane.com,Port of Brisbane,Port of Brisbane,Caisse de dépôt et placement du Québec companies,Unknown,Wikipedia
realinsurance.com,Real Insurance,Real Insurance,Caisse de dépôt et placement du Québec companies,Unknown,Wikipedia
transgrid.com,TransGrid,TransGrid,OMERS companies,Unknown,Wikipedia
7daysinn.com,7 Days Inn,7 Days Inn,Warburg Pincus companies,Unknown,Wikipedia
abingworthcompany.com,Abingworth (company),Abingworth (company),The Carlyle Group companies,Unknown,Wikipedia
acostasalesmarketing.com,Acosta Sales & Marketing,Acosta Sales & Marketing,The Carlyle Group companies,Unknown,Wikipedia
addisonlee.com,Addison Lee,Addison Lee,The Carlyle Group companies,Unknown,Wikipedia
agvhelmetmanufacturer.com,AGV (helmet manufacturer),AGV (helmet manufacturer),The Carlyle Group companies,Unknown,Wikipedia
allisontransmission.com,Allison Transmission,Allison Transmission,The Carlyle Group companies,Unknown,Wikipedia
ameos.com,AMEOS,AMEOS group,The Carlyle Group companies,Unknown,Wikipedia
amperecomputing.com,Ampere Computing,Ampere Computing,The Carlyle Group companies,Unknown,Wikipedia
anthology.com,Anthology,Anthology Inc.,The Carlyle Group companies,Unknown,Wikipedia
apgpensionfund.com,APG (pension fund),APG (pension fund),The Carlyle Group companies,Unknown,Wikipedia
,AR,ARINC,The Carlyle Group companies,Unknown,Wikipedia
asiasat.com,AsiaSat,AsiaSat,The Carlyle Group companies,Unknown,Wikipedia
atotech.com,Atotech,Atotech,The Carlyle Group companies,Unknown,Wikipedia
avio.com,Avio,Avio,The Carlyle Group companies,Unknown,Wikipedia
axalta.com,Axalta,Axalta,The Carlyle Group companies,Unknown,Wikipedia
azelectronicmaterials.com,AZ Electronic Materials,AZ Electronic Materials,The Carlyle Group companies,Unknown,Wikipedia
bakertaylor.com,Baker & Taylor,Baker & Taylor,The Carlyle Group companies,Unknown,Wikipedia
bbhotels.com,B&B Hotels,B&B Hotels,The Carlyle Group companies,Unknown,Wikipedia
bbitalia.com,B&B Italia,B&B Italia,The Carlyle Group companies,Unknown,Wikipedia
beatselectronics.com,Beats Electronics,Beats Electronics,The Carlyle Group companies,Unknown,Wikipedia
beautycounter.com,Beautycounter,Beautycounter,The Carlyle Group companies,Unknown,Wikipedia
blyth.com,"Blyth,","Blyth, Inc.",The Carlyle Group companies,Unknown,Wikipedia
brintons.com,Brintons,Brintons,The Carlyle Group companies,Unknown,Wikipedia
cameca.com,CAMECA,CAMECA,The Carlyle Group companies,Unknown,Wikipedia
canesta.com,Canesta,Canesta,The Carlyle Group companies,Unknown,Wikipedia
casema.com,Casema,Casema,Warburg Pincus companies,Unknown,Wikipedia
caterair.com,Caterair,Caterair,The Carlyle Group companies,Unknown,Wikipedia
chinarecyclingenergycorporation.com,China Recycling Energy Corporation,China Recycling Energy Corporation,The Carlyle Group companies,Unknown,Wikipedia
coateshire.com,Coates Hire,Coates Hire,The Carlyle Group companies,Unknown,Wikipedia
comhem.com,Com Hem,Com Hem,Providence Equity Partners companies,Unknown,Wikipedia
commscope.com,CommScope,CommScope,The Carlyle Group companies,Unknown,Wikipedia
communityonebank.com,CommunityOne Bank,CommunityOne Bank,The Carlyle Group companies,Unknown,Wikipedia
curiacompany.com,Curia (company),Curia (company),The Carlyle Group companies,Unknown,Wikipedia
dainese.com,Dainese,Dainese,The Carlyle Group companies,Unknown,Wikipedia
dealogic.com,Dealogic,Dealogic,The Carlyle Group companies,Unknown,Wikipedia
dexmediadexone.com,Dex Media (Dex One),Dex Media (Dex One),The Carlyle Group companies,Unknown,Wikipedia
drpeppersevenup.com,Dr Pepper/Seven Up,Dr Pepper/Seven Up,The Carlyle Group companies,Unknown,Wikipedia
educompsolutions.com,Educomp Solutions,Educomp Solutions,The Carlyle Group companies,Unknown,Wikipedia
egg.com,EG&G,EG&G,The Carlyle Group companies,Unknown,Wikipedia
lefigaro.com,Le Figaro,Le Figaro,The Carlyle Group companies,Unknown,Wikipedia
foundryvisionmongers.com,Foundry Visionmongers,The Foundry Visionmongers,The Carlyle Group companies,Unknown,Wikipedia
geminiaircargo.com,Gemini Air Cargo,Gemini Air Cargo,The Carlyle Group companies,Unknown,Wikipedia
goldengoosecompany.com,Golden Goose (company),Golden Goose (company),Permira companies,Unknown,Wikipedia
grazecompany.com,Graze (company),Graze (company),The Carlyle Group companies,Unknown,Wikipedia
hawaiiantelcom.com,Hawaiian Telcom,Hawaiian Telcom,Cerberus Capital Management companies,Unknown,Wikipedia
hertzcarsales.com,Hertz Car Sales,Hertz Car Sales,The Carlyle Group companies,Unknown,Wikipedia
hertzglobal.com,Hertz Global,Hertz Global Holdings,The Carlyle Group companies,Unknown,Wikipedia
hollandbarrett.com,Holland & Barrett,Holland & Barrett,The Carlyle Group companies,Unknown,Wikipedia
howmetaerospace.com,Howmet Aerospace,Howmet Aerospace,The Carlyle Group companies,Unknown,Wikipedia
hunkemller.com,Hunkemöller,Hunkemöller,The Carlyle Group companies,Unknown,Wikipedia
indegene.com,Indegene,Indegene,The Carlyle Group companies,Unknown,Wikipedia
jagex.com,Jagex,Jagex,CVC Capital Partners companies,Unknown,Wikipedia
kfcinjapan.com,KFC in Japan,KFC in Japan,The Carlyle Group companies,Unknown,Wikipedia
kroll.com,Kroll,Kroll Inc.,Permira companies,Unknown,Wikipedia
landmarkaviation.com,Landmark Aviation,Landmark Aviation,The Carlyle Group companies,Unknown,Wikipedia
legendnaturalgas.com,Legend Natural Gas,Legend Natural Gas,The Carlyle Group companies,Unknown,Wikipedia
mantechinternational.com,ManTech International,ManTech International,The Carlyle Group companies,Unknown,Wikipedia
medanta.com,Medanta,Medanta,The Carlyle Group companies,Unknown,Wikipedia
medicalpark.com,Medical Park,Medical Park,The Carlyle Group companies,Unknown,Wikipedia
memsource.com,Memsource,Memsource,The Carlyle Group companies,Unknown,Wikipedia
metropolishealthcare.com,Metropolis Healthcare,Metropolis Healthcare,Warburg Pincus companies,Unknown,Wikipedia
millcompany.com,Mill (company),The Mill (company),The Carlyle Group companies,Unknown,Wikipedia
momocompany.com,Momo (company),Momo (company),The Carlyle Group companies,Unknown,Wikipedia
morningstardbrs.com,Morningstar DBRS,Morningstar DBRS,Warburg Pincus companies,Unknown,Wikipedia
mydentist.com,Mydentist,Mydentist,The Carlyle Group companies,Unknown,Wikipedia
nep.com,NEP,NEP Group,The Carlyle Group companies,Unknown,Wikipedia
netmotionsoftware.com,NetMotion Software,NetMotion Software,The Carlyle Group companies,Unknown,Wikipedia
northpointcommunications.com,NorthPoint Communications,NorthPoint Communications,The Carlyle Group companies,Unknown,Wikipedia
ofxcompany.com,OFX (company),OFX (company),The Carlyle Group companies,Unknown,Wikipedia
onemedical.com,One Medical,One Medical,The Carlyle Group companies,Unknown,Wikipedia
orientaltrading.com,Oriental Trading,Oriental Trading Company,The Carlyle Group companies,Unknown,Wikipedia
orthoclinicaldiagnostics.com,Ortho Clinical Diagnostics,Ortho Clinical Diagnostics,The Carlyle Group companies,Unknown,Wikipedia
paconsulting.com,PA Consulting,PA Consulting Group,The Carlyle Group companies,Unknown,Wikipedia
paceairlines.com,Pace Airlines,Pace Airlines,The Carlyle Group companies,Unknown,Wikipedia
palaciosalimentacin.com,Palacios Alimentación,Palacios Alimentación,The Carlyle Group companies,Unknown,Wikipedia
panamsat.com,PanAmSat,PanAmSat,Kohlberg Kravis Roberts companies,Unknown,Wikipedia
philosophybrand.com,Philosophy (brand),Philosophy (brand),The Carlyle Group companies,Unknown,Wikipedia
pnbhousingfinancelimited.com,PNB Housing Finance Limited,PNB Housing Finance Limited,The Carlyle Group companies,Unknown,Wikipedia
ppd.com,"PPD,","PPD, Inc.",The Carlyle Group companies,Unknown,Wikipedia
promedicaseniorcare.com,ProMedica Senior Care,ProMedica Senior Care,The Carlyle Group companies,Unknown,Wikipedia
qinetiq.com,Qinetiq,Qinetiq,The Carlyle Group companies,Unknown,Wikipedia
raclimited.com,RAC Limited,RAC Limited,CVC Capital Partners companies,Unknown,Wikipedia
railcarmanagement.com,Railcar Management,Railcar Management LLC,The Carlyle Group companies,Unknown,Wikipedia
rihappy.com,Ri Happy,Ri Happy,The Carlyle Group companies,Unknown,Wikipedia
rigaku.com,Rigaku,Rigaku,The Carlyle Group companies,Unknown,Wikipedia
riote.com,Riot-E,Riot-E,The Carlyle Group companies,Unknown,Wikipedia
sandleroneillandpartners.com,Sandler O'Neill and Partners,Sandler O'Neill and Partners,The Carlyle Group companies,Unknown,Wikipedia
sbicard.com,SBI Card,SBI Card,The Carlyle Group companies,Unknown,Wikipedia
smcp.com,SMCP,SMCP Group,Kohlberg Kravis Roberts companies,Unknown,Wikipedia
ssctechnologies.com,SS&C Technologies,SS&C Technologies,The Carlyle Group companies,Unknown,Wikipedia
standardaero.com,StandardAero,StandardAero,The Carlyle Group companies,Unknown,Wikipedia
strategy.com,Strategy&,Strategy&,The Carlyle Group companies,Unknown,Wikipedia
sundyne.com,Sundyne,Sundyne,Warburg Pincus companies,Unknown,Wikipedia
supercircuits.com,SuperCircuits,SuperCircuits,The Carlyle Group companies,Unknown,Wikipedia
supremebrand.com,Supreme (brand),Supreme (brand),The Carlyle Group companies,Unknown,Wikipedia
surplex.com,Surplex,Surplex,The Carlyle Group companies,Unknown,Wikipedia
syniverse.com,Syniverse,Syniverse,The Carlyle Group companies,Unknown,Wikipedia
targuscompany.com,Targus (company),Targus (company),The Carlyle Group companies,Unknown,Wikipedia
tcw.com,TCW,TCW Group,The Carlyle Group companies,Unknown,Wikipedia
ticketron.com,Ticketron,Ticketron,The Carlyle Group companies,Unknown,Wikipedia
twosomeplace.com,Twosome Place,A Twosome Place,The Carlyle Group companies,Unknown,Wikipedia
tyo.com,TYO,TYO Inc.,The Carlyle Group companies,Unknown,Wikipedia
uniteddefense.com,United Defense,United Defense,The Carlyle Group companies,Unknown,Wikipedia
usiscompany.com,USIS (company),USIS (company),The Carlyle Group companies,Unknown,Wikipedia
varoenergy.com,Varo Energy,Varo Energy,The Carlyle Group companies,Unknown,Wikipedia
veritastechnologies.com,Veritas Technologies,Veritas Technologies,The Carlyle Group companies,Unknown,Wikipedia
very.com,Very,The Very Group,The Carlyle Group companies,Unknown,Wikipedia
vigorindustrial.com,Vigor Industrial,Vigor Industrial,The Carlyle Group companies,Unknown,Wikipedia
vinnell.com,Vinnell,Vinnell,The Carlyle Group companies,Unknown,Wikipedia
vought.com,Vought,Vought,The Carlyle Group companies,Unknown,Wikipedia
vubiquity.com,Vubiquity,Vubiquity,The Carlyle Group companies,Unknown,Wikipedia
waterpik.com,Water Pik,Water Pik,The Carlyle Group companies,Unknown,Wikipedia
yashili.com,Yashili,Yashili,The Carlyle Group companies,Unknown,Wikipedia
zekelmanindustries.com,Zekelman Industries,Zekelman Industries,The Carlyle Group companies,Unknown,Wikipedia
zodiacnautic.com,Zodiac Nautic,Zodiac Nautic,The Carlyle Group companies,Unknown,Wikipedia
centerparcseurope.com,Center Parcs Europe,Center Parcs Europe,Center Parcs,Unknown,Wikipedia
centerparcsukandireland.com,Center Parcs UK and Ireland,Center Parcs UK and Ireland,Center Parcs,Unknown,Wikipedia
pietderksen.com,Piet Derksen,Piet Derksen,Center Parcs,Unknown,Wikipedia
sunparks.com,Sunparks,Sunparks,Center Parcs,Unknown,Wikipedia
albertsons.com,Albertsons,Albertsons,Cerberus Capital Management companies,Unknown,Wikipedia
aozorabank.com,Aozora Bank,Aozora Bank,Cerberus Capital Management companies,Unknown,Wikipedia
bawag.com,BAWAG,BAWAG,Cerberus Capital Management companies,Unknown,Wikipedia
bawagpsk.com,BAWAG P.S.K.,BAWAG P.S.K.,Cerberus Capital Management companies,Unknown,Wikipedia
bluebirdcorporation.com,Blue Bird Corporation,Blue Bird Corporation,Cerberus Capital Management companies,Unknown,Wikipedia
caritaschristihealthcare.com,Caritas Christi Health Care,Caritas Christi Health Care,Cerberus Capital Management companies,Unknown,Wikipedia
dpmspantherarms.com,DPMS Panther Arms,DPMS Panther Arms,Cerberus Capital Management companies,Unknown,Wikipedia
dyn.com,Dyn,DynCorp,Cerberus Capital Management companies,Unknown,Wikipedia
geoeye.com,GeoEye,GeoEye,Cerberus Capital Management companies,Unknown,Wikipedia
harringtonrichardson.com,Harrington & Richardson,Harrington & Richardson,Cerberus Capital Management companies,Unknown,Wikipedia
marlinfirearms.com,Marlin Firearms,Marlin Firearms,Cerberus Capital Management companies,Unknown,Wikipedia
optimabuscorporation.com,Optima Bus Corporation,Optima Bus Corporation,Cerberus Capital Management companies,Unknown,Wikipedia
panavision.com,Panavision,Panavision,Warburg Pincus companies,Unknown,Wikipedia
remingtonoutdoor.com,Remington Outdoor,Remington Outdoor Company,Cerberus Capital Management companies,Unknown,Wikipedia
snetinformationservices.com,SNET Information Services,SNET Information Services,Cerberus Capital Management companies,Unknown,Wikipedia
souplantationandsweettomatoes.com,Souplantation and Sweet Tomatoes,Souplantation and Sweet Tomatoes,Cerberus Capital Management companies,Unknown,Wikipedia
starmarket.com,Star Market,Star Market,Cerberus Capital Management companies,Unknown,Wikipedia
stewardhealthcare.com,Steward Health Care,Steward Health Care,Cerberus Capital Management companies,Unknown,Wikipedia
supervaluunitedstates.com,SuperValu (United States),SuperValu (United States),Cerberus Capital Management companies,Unknown,Wikipedia
alpinedatalabs.com,Alpine Data Labs,Alpine Data Labs,Cloud Software Group,Unknown,Wikipedia
cloudsoftware.com,Cloud Software,Cloud Software Group,Cloud Software Group,Unknown,Wikipedia
jasperreports.com,JasperReports,JasperReports,Cloud Software Group,Unknown,Wikipedia
tomkrausebusinessexecutive.com,Tom Krause (business executive),Tom Krause (business executive),Cloud Software Group,Unknown,Wikipedia
spotfire.com,Spotfire,Spotfire,Cloud Software Group,Unknown,Wikipedia
tibcosoftware.com,TIBCO Software,TIBCO Software,Cloud Software Group,Unknown,Wikipedia
99centsonlystores.com,99 Cents Only Stores,99 Cents Only Stores,CPP Investment Board companies,Unknown,Wikipedia
associatedbritishports.com,Associated British Ports,Associated British Ports,OMERS companies,Unknown,Wikipedia
bgl.com,BGL,BGL Group,CPP Investment Board companies,Unknown,Wikipedia
dornasports.com,Dorna Sports,Dorna Sports,CVC Capital Partners companies,Unknown,Wikipedia
homeplus.com,Homeplus,Homeplus,CPP Investment Board companies,Unknown,Wikipedia
informatica.com,Informatica,Informatica,Permira companies,Unknown,Wikipedia
neimanmarcus.com,Neiman Marcus,Neiman Marcus,CPP Investment Board companies,Unknown,Wikipedia
patternenergy.com,Pattern Energy,Pattern Energy,CPP Investment Board companies,Unknown,Wikipedia
pet.com,Pet,Petco,CVC Capital Partners companies,Unknown,Wikipedia
acromas.com,Acromas,Acromas Holdings,Permira companies,Unknown,Wikipedia
alfonsoxelsabiouniversity.com,Alfonso X El Sabio University,Alfonso X El Sabio University,CVC Capital Partners companies,Unknown,Wikipedia
alixpartners.com,AlixPartners,AlixPartners,CVC Capital Partners companies,Unknown,Wikipedia
alvogen.com,Alvogen,Alvogen,CVC Capital Partners companies,Unknown,Wikipedia
apatinbrewery.com,Apatin Brewery,Apatin Brewery,CVC Capital Partners companies,Unknown,Wikipedia
astikabrewery.com,Astika Brewery,Astika Brewery,CVC Capital Partners companies,Unknown,Wikipedia
authenticbrands.com,Authentic Brands,Authentic Brands Group,CVC Capital Partners companies,Unknown,Wikipedia
avast.com,Avast,Avast,CVC Capital Partners companies,Unknown,Wikipedia
barbastathis.com,Barbastathis,Barbastathis,CVC Capital Partners companies,Unknown,Wikipedia
bjswholesaleclub.com,BJ's Wholesale Club,BJ's Wholesale Club,CVC Capital Partners companies,Unknown,Wikipedia
lucasbols.com,Lucas Bols,Lucas Bols,CVC Capital Partners companies,Unknown,Wikipedia
borsodbrewery.com,Borsod Brewery,Borsod Brewery,CVC Capital Partners companies,Unknown,Wikipedia
bpost.com,Bpost,Bpost,CVC Capital Partners companies,Unknown,Wikipedia
breitlingsa.com,Breitling SA,Breitling SA,CVC Capital Partners companies,Unknown,Wikipedia
britinsurance.com,Brit Insurance,Brit Insurance,CVC Capital Partners companies,Unknown,Wikipedia
britishaluminium.com,British Aluminium,British Aluminium,CVC Capital Partners companies,Unknown,Wikipedia
brookebond.com,Brooke Bond,Brooke Bond,CVC Capital Partners companies,Unknown,Wikipedia
c1000.com,C1000,C1000,CVC Capital Partners companies,Unknown,Wikipedia
daniangdumpling.com,Da Niang Dumpling,Da Niang Dumpling,CVC Capital Partners companies,Unknown,Wikipedia
debenhams.com,Debenhams,Debenhams,CVC Capital Partners companies,Unknown,Wikipedia
deoleo.com,Deoleo,Deoleo,CVC Capital Partners companies,Unknown,Wikipedia
douglascompany.com,Douglas (company),Douglas (company),CVC Capital Partners companies,Unknown,Wikipedia
douglas.com,Douglas,Douglas Holding,CVC Capital Partners companies,Unknown,Wikipedia
premiershiprugby.com,Premiership Rugby,Premiership Rugby,CVC Capital Partners companies,Unknown,Wikipedia
evonikindustries.com,Evonik Industries,Evonik Industries,CVC Capital Partners companies,Unknown,Wikipedia
formulaone.com,Formula One,Formula One Group,CVC Capital Partners companies,Unknown,Wikipedia
graphnet.com,Graphnet,Graphnet,CVC Capital Partners companies,Unknown,Wikipedia
gujarattitans.com,Gujarat Titans,Gujarat Titans,CVC Capital Partners companies,Unknown,Wikipedia
halfords.com,Halfords,Halfords,CVC Capital Partners companies,Unknown,Wikipedia
hongkongbroadbandnetwork.com,Hong Kong Broadband Network,Hong Kong Broadband Network,CVC Capital Partners companies,Unknown,Wikipedia
hozelock.com,Hozelock,Hozelock,CVC Capital Partners companies,Unknown,Wikipedia
,IG,IG Group,CVC Capital Partners companies,Unknown,Wikipedia
kamenitza.com,Kamenitza,Kamenitza,CVC Capital Partners companies,Unknown,Wikipedia
kwikfit.com,Kwik Fit,Kwik Fit,PAI Partners companies,Unknown,Wikipedia
leafinternational.com,Leaf International,Leaf International,CVC Capital Partners companies,Unknown,Wikipedia
leslies.com,Leslie's,Leslie's,CVC Capital Partners companies,Unknown,Wikipedia
laliga.com,La Liga,La Liga,CVC Capital Partners companies,Unknown,Wikipedia
limurutea.com,Limuru Tea,Limuru Tea Plc,CVC Capital Partners companies,Unknown,Wikipedia
lipton.com,Lipton,Lipton,CVC Capital Partners companies,Unknown,Wikipedia
liptonteasandinfusions.com,Lipton Teas and Infusions,Lipton Teas and Infusions,CVC Capital Partners companies,Unknown,Wikipedia
matasdrugstore.com,Matas (drug store),Matas (drug store),CVC Capital Partners companies,Unknown,Wikipedia
mayne.com,Mayne,Mayne Group,CVC Capital Partners companies,Unknown,Wikipedia
mediaocean.com,Mediaocean,Mediaocean,CVC Capital Partners companies,Unknown,Wikipedia
mehilinen.com,Mehiläinen,Mehiläinen,Kohlberg Kravis Roberts companies,Unknown,Wikipedia
munchys.com,Munchy's,Munchy's,CVC Capital Partners companies,Unknown,Wikipedia
naturalwonderrevlonsubsidiarybrand.com,Natural Wonder (Revlon subsidiary brand),Natural Wonder (Revlon subsidiary brand),CVC Capital Partners companies,Unknown,Wikipedia
newdaycompany.com,NewDay (company),NewDay (company),CVC Capital Partners companies,Unknown,Wikipedia
nineentertainment.com,Nine Entertainment,Nine Entertainment,CVC Capital Partners companies,Unknown,Wikipedia
pgeenergetykakolejowa.com,PGE Energetyka Kolejowa,PGE Energetyka Kolejowa,CVC Capital Partners companies,Unknown,Wikipedia
pilotflyingj.com,Pilot Flying J,Pilot Flying J,CVC Capital Partners companies,Unknown,Wikipedia
postdanmark.com,Post Danmark,Post Danmark,CVC Capital Partners companies,Unknown,Wikipedia
provimi.com,Provimi,Provimi,Permira companies,Unknown,Wikipedia
publicpowercorporation.com,Public Power Corporation,Public Power Corporation,CVC Capital Partners companies,Unknown,Wikipedia
qacompany.com,QA (company),QA (company),CVC Capital Partners companies,Unknown,Wikipedia
rcableoperator.com,R (cable operator),R (cable operator),CVC Capital Partners companies,Unknown,Wikipedia
saladatea.com,Salada tea,Salada tea,CVC Capital Partners companies,Unknown,Wikipedia
samsonite.com,Samsonite,Samsonite,CVC Capital Partners companies,Unknown,Wikipedia
skrill.com,Skrill,Skrill,CVC Capital Partners companies,Unknown,Wikipedia
skybettinggaming.com,Sky Betting & Gaming,Sky Betting & Gaming,CVC Capital Partners companies,Unknown,Wikipedia
stageentertainment.com,Stage Entertainment,Stage Entertainment,CVC Capital Partners companies,Unknown,Wikipedia
stark.com,Stark,Stark Group,CVC Capital Partners companies,Unknown,Wikipedia
staropramenbrewery.com,Staropramen Brewery,Staropramen Brewery,CVC Capital Partners companies,Unknown,Wikipedia
stockspirits.com,Stock Spirits,Stock Spirits,CVC Capital Partners companies,Unknown,Wikipedia
sunrise.com,Sunrise,Sunrise LLC,CVC Capital Partners companies,Unknown,Wikipedia
svijanybrewery.com,Svijany Brewery,Svijany Brewery,CVC Capital Partners companies,Unknown,Wikipedia
systemc.com,System C,System C,CVC Capital Partners companies,Unknown,Wikipedia
teneo.com,Teneo,Teneo,CVC Capital Partners companies,Unknown,Wikipedia
,AA,The AA,Warburg Pincus companies,Unknown,Wikipedia
tipi.com,Tipi,Tipico,CVC Capital Partners companies,Unknown,Wikipedia
tmf.com,TMF,TMF Group,CVC Capital Partners companies,Unknown,Wikipedia
trebjesabrewery.com,Trebjesa brewery,Trebjesa brewery,CVC Capital Partners companies,Unknown,Wikipedia
unitedrugbychampionship.com,United Rugby Championship,United Rugby Championship,CVC Capital Partners companies,Unknown,Wikipedia
univarsolutions.com,Univar Solutions,Univar Solutions,CVC Capital Partners companies,Unknown,Wikipedia
vivartia.com,Vivartia,Vivartia,CVC Capital Partners companies,Unknown,Wikipedia
williamhillbookmaker.com,William Hill (bookmaker),William Hill (bookmaker),CVC Capital Partners companies,Unknown,Wikipedia
abkaconveniencestore.com,Żabka (convenience store),Żabka (convenience store),CVC Capital Partners companies,Unknown,Wikipedia
zhuhaizhongfu.com,Zhuhai Zhongfu,Zhuhai Zhongfu,CVC Capital Partners companies,Unknown,Wikipedia
gvcompany.com,GV (company),GV (company),GV companies,Unknown,Wikipedia
23andme.com,23andMe,23andMe,GV companies,Unknown,Wikipedia
brandless.com,Brandless,Brandless,GV companies,Unknown,Wikipedia
calicocompany.com,Calico (company),Calico (company),GV companies,Unknown,Wikipedia
cleanpowerfinance.com,Clean Power Finance,Clean Power Finance,GV companies,Unknown,Wikipedia
dasient.com,Dasient,Dasient,GV companies,Unknown,Wikipedia
recordedfuture.com,Recorded Future,Recorded Future,GV companies,Unknown,Wikipedia
rocketlawyer.com,Rocket Lawyer,Rocket Lawyer,GV companies,Unknown,Wikipedia
scvngr.com,SCVNGR,SCVNGR,GV companies,Unknown,Wikipedia
yesware.com,Yesware,Yesware,GV companies,Unknown,Wikipedia
harrahsentertainment.com,Harrah's Entertainment,Harrah's Entertainment,Harrah's Entertainment,Unknown,Wikipedia
atlanticcityexpressservice.com,Atlantic City Express Service,Atlantic City Express Service,Harrah's Entertainment,Unknown,Wikipedia
billscasinolaketahoe.com,Bill's Casino Lake Tahoe,Bill's Casino Lake Tahoe,Harrah's Entertainment,Unknown,Wikipedia
caesarspalaceatsea.com,Caesars Palace at Sea,Caesars Palace at Sea,Harrah's Entertainment,Unknown,Wikipedia
mitchgarber.com,Mitch Garber,Mitch Garber,Harrah's Entertainment,Unknown,Wikipedia
williamfharrah.com,William F. Harrah,William F. Harrah,Harrah's Entertainment,Unknown,Wikipedia
harrahsatlanticcity.com,Harrah's Atlantic City,Harrah's Atlantic City,Harrah's Entertainment,Unknown,Wikipedia
harrahscasinotunica.com,Harrah's Casino Tunica,Harrah's Casino Tunica,Harrah's Entertainment,Unknown,Wikipedia
harrahscherokee.com,Harrah's Cherokee,Harrah's Cherokee,Harrah's Entertainment,Unknown,Wikipedia
harrahscherokeevalleyriver.com,Harrah's Cherokee Valley River,Harrah's Cherokee Valley River,Harrah's Entertainment,Unknown,Wikipedia
harrahslaketahoe.com,Harrah's Lake Tahoe,Harrah's Lake Tahoe,Harrah's Entertainment,Unknown,Wikipedia
harrahslasvegas.com,Harrah's Las Vegas,Harrah's Las Vegas,Harrah's Entertainment,Unknown,Wikipedia
harrahslaughlin.com,Harrah's Laughlin,Harrah's Laughlin,Harrah's Entertainment,Unknown,Wikipedia
harrahsphiladelphia.com,Harrah's Philadelphia,Harrah's Philadelphia,Harrah's Entertainment,Unknown,Wikipedia
harrahsreno.com,Harrah's Reno,Harrah's Reno,Harrah's Entertainment,Unknown,Wikipedia
harrahsresortsoutherncalifornia.com,Harrah's Resort Southern California,Harrah's Resort Southern California,Harrah's Entertainment,Unknown,Wikipedia
horseshoegamingholdingcorporation.com,Horseshoe Gaming Holding Corporation,Horseshoe Gaming Holding Corporation,Harrah's Entertainment,Unknown,Wikipedia
jespersenvharrahsoperating.com,Jespersen v. Harrah's Operating,Jespersen v. Harrah's Operating Co.,Harrah's Entertainment,Unknown,Wikipedia
janjonesblackhurst.com,Jan Jones Blackhurst,Jan Jones Blackhurst,Harrah's Entertainment,Unknown,Wikipedia
jeffreypollack.com,Jeffrey Pollack,Jeffrey Pollack,Harrah's Entertainment,Unknown,Wikipedia
tunicaroadhousehotel.com,Tunica Roadhouse Hotel,Tunica Roadhouse Hotel,Harrah's Entertainment,Unknown,Wikipedia
worldseriesofpoker.com,World Series of Poker,World Series of Poker,Harrah's Entertainment,Unknown,Wikipedia
kkr.com,KKR &,KKR & Co.,Kohlberg Kravis Roberts companies,Unknown,Wikipedia
academysportsoutdoors.com,Academy Sports + Outdoors,Academy Sports + Outdoors,Kohlberg Kravis Roberts companies,Unknown,Wikipedia
accell.com,Accell,Accell,Kohlberg Kravis Roberts companies,Unknown,Wikipedia
accionaenerga.com,Acciona Energía,Acciona Energía,Kohlberg Kravis Roberts companies,Unknown,Wikipedia
allianceboots.com,Alliance Boots,Alliance Boots,Kohlberg Kravis Roberts companies,Unknown,Wikipedia
alludo.com,Alludo,Alludo,Kohlberg Kravis Roberts companies,Unknown,Wikipedia
americasbestcontactseyeglasses.com,America's Best Contacts & Eyeglasses,America's Best Contacts & Eyeglasses,Kohlberg Kravis Roberts companies,Unknown,Wikipedia
anchoragedigital.com,Anchorage Digital,Anchorage Digital,Kohlberg Kravis Roberts companies,Unknown,Wikipedia
applovin.com,AppLovin,AppLovin,Kohlberg Kravis Roberts companies,Unknown,Wikipedia
aricent.com,Aricent,Aricent,Kohlberg Kravis Roberts companies,Unknown,Wikipedia
arnotts.com,Arnott's,Arnott's Group,Kohlberg Kravis Roberts companies,Unknown,Wikipedia
australianvenue.com,Australian Venue,Australian Venue Co.,Kohlberg Kravis Roberts companies,Unknown,Wikipedia
avantcompany.com,Avant (company),Avant (company),Kohlberg Kravis Roberts companies,Unknown,Wikipedia
avantus.com,Avantus,Avantus,Kohlberg Kravis Roberts companies,Unknown,Wikipedia
axelspringerse.com,Axel Springer SE,Axel Springer SE,Kohlberg Kravis Roberts companies,Unknown,Wikipedia
barracudanetworks.com,Barracuda Networks,Barracuda Networks,Thoma Bravo companies,Unknown,Wikipedia
beatricefoods.com,Beatrice Foods,Beatrice Foods,Kohlberg Kravis Roberts companies,Unknown,Wikipedia
belk.com,Belk,Belk,Kohlberg Kravis Roberts companies,Unknown,Wikipedia
bigtable.com,Big Table,The Big Table Group,Kohlberg Kravis Roberts companies,Unknown,Wikipedia
biomet.com,Biomet,Biomet,Kohlberg Kravis Roberts companies,Unknown,Wikipedia
blic.com,Blic,Blic,Kohlberg Kravis Roberts companies,Unknown,Wikipedia
bmgrightsmanagement.com,BMG Rights Management,BMG Rights Management,Kohlberg Kravis Roberts companies,Unknown,Wikipedia
bootscompany.com,Boots (company),Boots (company),Kohlberg Kravis Roberts companies,Unknown,Wikipedia
bordencompany.com,Borden (company),Borden (company),Kohlberg Kravis Roberts companies,Unknown,Wikipedia
bordendairy.com,Borden Dairy,Borden Dairy,Kohlberg Kravis Roberts companies,Unknown,Wikipedia
bountiful.com,Bountiful,The Bountiful Company,Kohlberg Kravis Roberts companies,Unknown,Wikipedia
box.com,"Box,","Box, Inc.",Kohlberg Kravis Roberts companies,Unknown,Wikipedia
calisen.com,Calisen,Calisen,Kohlberg Kravis Roberts companies,Unknown,Wikipedia
capitalsafety.com,Capital Safety,Capital Safety,Kohlberg Kravis Roberts companies,Unknown,Wikipedia
capsugel.com,Capsugel,Capsugel,Kohlberg Kravis Roberts companies,Unknown,Wikipedia
cardenassupermarket.com,Cardenas (supermarket),Cardenas (supermarket),Kohlberg Kravis Roberts companies,Unknown,Wikipedia
carsdirect.com,CarsDirect,CarsDirect,Kohlberg Kravis Roberts companies,Unknown,Wikipedia
caruna.com,Caruna,Caruna,OMERS companies,Unknown,Wikipedia
centerplate.com,Centerplate,Centerplate,Kohlberg Kravis Roberts companies,Unknown,Wikipedia
cherwellsoftware.com,Cherwell Software,Cherwell Software,Kohlberg Kravis Roberts companies,Unknown,Wikipedia
cleanaway.com,Cleanaway,Cleanaway,Kohlberg Kravis Roberts companies,Unknown,Wikipedia
cloudera.com,Cloudera,Cloudera,Kohlberg Kravis Roberts companies,Unknown,Wikipedia
coastalgaslinkpipeline.com,Coastal GasLink pipeline,Coastal GasLink pipeline,Kohlberg Kravis Roberts companies,Unknown,Wikipedia
cognita.com,Cognita,Cognita,Kohlberg Kravis Roberts companies,Unknown,Wikipedia
colonialfirststate.com,Colonial First State,Colonial First State,Kohlberg Kravis Roberts companies,Unknown,Wikipedia
colonialpipeline.com,Colonial Pipeline,Colonial Pipeline,Kohlberg Kravis Roberts companies,Unknown,Wikipedia
coloniecenter.com,Colonie Center,Colonie Center,Kohlberg Kravis Roberts companies,Unknown,Wikipedia
contourglobal.com,ContourGlobal,ContourGlobal,Kohlberg Kravis Roberts companies,Unknown,Wikipedia
crossriverbank.com,Cross River Bank,Cross River Bank,Kohlberg Kravis Roberts companies,Unknown,Wikipedia
cyrusone.com,CyrusOne,CyrusOne,Kohlberg Kravis Roberts companies,Unknown,Wikipedia
delmontefoods.com,Del Monte Foods,Del Monte Foods,Kohlberg Kravis Roberts companies,Unknown,Wikipedia
demag.com,Demag,Demag,Kohlberg Kravis Roberts companies,Unknown,Wikipedia
dollargeneral.com,Dollar General,Dollar General,Kohlberg Kravis Roberts companies,Unknown,Wikipedia
endeavorcompany.com,Endeavor (company),Endeavor (company),Silver Lake (investment firm) companies,Unknown,Wikipedia
energyfuture.com,Energy Future,Energy Future Holdings,TPG Capital companies,Unknown,Wikipedia
envisionhealthcare.com,Envision Healthcare,Envision Healthcare,Kohlberg Kravis Roberts companies,Unknown,Wikipedia
ermconsultancy.com,ERM (consultancy),ERM (consultancy),Kohlberg Kravis Roberts companies,Unknown,Wikipedia
fgsglobal.com,FGS Global,FGS Global,Kohlberg Kravis Roberts companies,Unknown,Wikipedia
firstdata.com,First Data,First Data,Kohlberg Kravis Roberts companies,Unknown,Wikipedia
fiserv.com,Fiserv,Fiserv,Kohlberg Kravis Roberts companies,Unknown,Wikipedia
fleetfarm.com,Fleet Farm,Fleet Farm,Kohlberg Kravis Roberts companies,Unknown,Wikipedia
florafood.com,Flora Food,Flora Food Group,Kohlberg Kravis Roberts companies,Unknown,Wikipedia
fredmeyer.com,Fred Meyer,Fred Meyer,Kohlberg Kravis Roberts companies,Unknown,Wikipedia
gibsonguitarcompany.com,Gibson (guitar company),Gibson (guitar company),Kohlberg Kravis Roberts companies,Unknown,Wikipedia
godaddy.com,GoDaddy,GoDaddy,Silver Lake (investment firm) companies,Unknown,Wikipedia
gojek.com,Gojek,Gojek,Warburg Pincus companies,Unknown,Wikipedia
goodhairday.com,Good Hair Day,Good Hair Day,Kohlberg Kravis Roberts companies,Unknown,Wikipedia
greensky.com,GreenSky,GreenSky,Kohlberg Kravis Roberts companies,Unknown,Wikipedia
hensoldt.com,Hensoldt,Hensoldt,Kohlberg Kravis Roberts companies,Unknown,Wikipedia
houdailleindustries.com,Houdaille Industries,Houdaille Industries,Kohlberg Kravis Roberts companies,Unknown,Wikipedia
hyperoptic.com,Hyperoptic,Hyperoptic,Kohlberg Kravis Roberts companies,Unknown,Wikipedia
icon.com,ICON,ICON PLC,Kohlberg Kravis Roberts companies,Unknown,Wikipedia
indigrid.com,IndiGrid,IndiGrid,Kohlberg Kravis Roberts companies,Unknown,Wikipedia
ingersollrand.com,Ingersoll Rand,Ingersoll Rand,Kohlberg Kravis Roberts companies,Unknown,Wikipedia
internetbrands.com,Internet Brands,Internet Brands,Kohlberg Kravis Roberts companies,Unknown,Wikipedia
jioplatforms.com,Jio Platforms,Jio Platforms,Kohlberg Kravis Roberts companies,Unknown,Wikipedia
johnlaing.com,John Laing,John Laing Group,Kohlberg Kravis Roberts companies,Unknown,Wikipedia
kanopy.com,Kanopy,Kanopy,Kohlberg Kravis Roberts companies,Unknown,Wikipedia
kion.com,KION,KION Group,Kohlberg Kravis Roberts companies,Unknown,Wikipedia
landisgyr.com,Landis+Gyr,Landis+Gyr,Kohlberg Kravis Roberts companies,Unknown,Wikipedia
latitudefinancialservices.com,Latitude Financial Services,Latitude Financial Services,Kohlberg Kravis Roberts companies,Unknown,Wikipedia
legrandcompany.com,Legrand (company),Legrand (company),Kohlberg Kravis Roberts companies,Unknown,Wikipedia
lenskart.com,Lenskart,Lenskart,Kohlberg Kravis Roberts companies,Unknown,Wikipedia
leonine.com,Leonine,Leonine Holding,Kohlberg Kravis Roberts companies,Unknown,Wikipedia
lgc.com,LGC,LGC Ltd,Kohlberg Kravis Roberts companies,Unknown,Wikipedia
lighthouselearning.com,Lighthouse Learning,Lighthouse Learning,Kohlberg Kravis Roberts companies,Unknown,Wikipedia
livspace.com,Livspace,Livspace,Kohlberg Kravis Roberts companies,Unknown,Wikipedia
longviewpowerplant.com,Longview Power Plant,Longview Power Plant,Kohlberg Kravis Roberts companies,Unknown,Wikipedia
marellieurope.com,Marelli Europe,Marelli Europe,Kohlberg Kravis Roberts companies,Unknown,Wikipedia
marelli.com,Marelli,Marelli Holdings,Kohlberg Kravis Roberts companies,Unknown,Wikipedia
marshallwace.com,Marshall Wace,Marshall Wace,Kohlberg Kravis Roberts companies,Unknown,Wikipedia
masan.com,Masan,Masan Group,Kohlberg Kravis Roberts companies,Unknown,Wikipedia
maxhealthcare.com,Max Healthcare,Max Healthcare,Warburg Pincus companies,Unknown,Wikipedia
maxeda.com,Maxeda,Maxeda,Kohlberg Kravis Roberts companies,Unknown,Wikipedia
metabo.com,Metabo,Metabo,Kohlberg Kravis Roberts companies,Unknown,Wikipedia
mipueblofoodcenter.com,Mi Pueblo Food Center,Mi Pueblo Food Center,Kohlberg Kravis Roberts companies,Unknown,Wikipedia
moderndairy.com,Modern Dairy,Modern Dairy,Kohlberg Kravis Roberts companies,Unknown,Wikipedia
mtuaeroengines.com,MTU Aero Engines,MTU Aero Engines,Kohlberg Kravis Roberts companies,Unknown,Wikipedia
necsoftwaresolutions.com,NEC Software Solutions,NEC Software Solutions,Kohlberg Kravis Roberts companies,Unknown,Wikipedia
nessdigitalengineering.com,Ness Digital Engineering,Ness Digital Engineering,Kohlberg Kravis Roberts companies,Unknown,Wikipedia
nexon.com,Nexon,Nexon,Kohlberg Kravis Roberts companies,Unknown,Wikipedia
nielsen.com,Nielsen,Nielsen Holdings,Kohlberg Kravis Roberts companies,Unknown,Wikipedia
nielsenmediaresearch.com,Nielsen Media Research,Nielsen Media Research,Kohlberg Kravis Roberts companies,Unknown,Wikipedia
oasisshoppingcentre.com,Oasis Shopping Centre,Oasis Shopping Centre,Kohlberg Kravis Roberts companies,Unknown,Wikipedia
optiv.com,Optiv,Optiv,Kohlberg Kravis Roberts companies,Unknown,Wikipedia
orientalbrewery.com,Oriental Brewery,Oriental Brewery,Kohlberg Kravis Roberts companies,Unknown,Wikipedia
outsystems.com,OutSystems,OutSystems,Kohlberg Kravis Roberts companies,Unknown,Wikipedia
overdrive.com,"OverDrive,","OverDrive, Inc.",Kohlberg Kravis Roberts companies,Unknown,Wikipedia
ovhcloud.com,OVHcloud,OVHcloud,Kohlberg Kravis Roberts companies,Unknown,Wikipedia
peppermoney.com,Pepper Money,Pepper Money,Kohlberg Kravis Roberts companies,Unknown,Wikipedia
petsathome.com,Pets at Home,Pets at Home,Kohlberg Kravis Roberts companies,Unknown,Wikipedia
pharmerica.com,PharMerica,PharMerica,Kohlberg Kravis Roberts companies,Unknown,Wikipedia
pioneerdj.com,Pioneer DJ,Pioneer DJ,Kohlberg Kravis Roberts companies,Unknown,Wikipedia
portaventuraworld.com,PortAventura World,PortAventura World,Kohlberg Kravis Roberts companies,Unknown,Wikipedia
prosieben.com,ProSieben,ProSieben,Permira companies,Unknown,Wikipedia
prosiebensat1media.com,ProSiebenSat.1 Media,ProSiebenSat.1 Media,Permira companies,Unknown,Wikipedia
queenslandairports.com,Queensland Airports,Queensland Airports,Kohlberg Kravis Roberts companies,Unknown,Wikipedia
randalls.com,Randalls,Randalls,Kohlberg Kravis Roberts companies,Unknown,Wikipedia
rbmedia.com,RBMedia,RBMedia,Kohlberg Kravis Roberts companies,Unknown,Wikipedia
relianceretail.com,Reliance Retail,Reliance Retail,Kohlberg Kravis Roberts companies,Unknown,Wikipedia
rentpath.com,RentPath,RentPath,Kohlberg Kravis Roberts companies,Unknown,Wikipedia
ritchiestransport.com,Ritchies Transport,Ritchies Transport,Kohlberg Kravis Roberts companies,Unknown,Wikipedia
rjrnabis.com,RJR Nabis,RJR Nabisco,Kohlberg Kravis Roberts companies,Unknown,Wikipedia
safeway.com,Safeway,Safeway,Kohlberg Kravis Roberts companies,Unknown,Wikipedia
sbsbroadcasting.com,SBS Broadcasting,SBS Broadcasting Group,Permira companies,Unknown,Wikipedia
seiyu.com,Seiyu,Seiyu Group,Kohlberg Kravis Roberts companies,Unknown,Wikipedia
selectacompany.com,Selecta (company),Selecta (company),Kohlberg Kravis Roberts companies,Unknown,Wikipedia
simonschuster.com,Simon & Schuster,Simon & Schuster,Kohlberg Kravis Roberts companies,Unknown,Wikipedia
skydancemedia.com,Skydance Media,Skydance Media,Kohlberg Kravis Roberts companies,Unknown,Wikipedia
smartmeteringsystems.com,Smart Metering Systems,Smart Metering Systems,Kohlberg Kravis Roberts companies,Unknown,Wikipedia
sofitelsydneywentworth.com,Sofitel Sydney Wentworth,Sofitel Sydney Wentworth,Kohlberg Kravis Roberts companies,Unknown,Wikipedia
sonos.com,Sonos,Sonos,Kohlberg Kravis Roberts companies,Unknown,Wikipedia
southstaffordshirewater.com,South Staffordshire Water,South Staffordshire Water,Kohlberg Kravis Roberts companies,Unknown,Wikipedia
spaldingcompany.com,Spalding (company),Spalding (company),Kohlberg Kravis Roberts companies,Unknown,Wikipedia
sparkinfrastructure.com,Spark Infrastructure,Spark Infrastructure,Kohlberg Kravis Roberts companies,Unknown,Wikipedia
storercommunications.com,Storer Communications,Storer Communications,Kohlberg Kravis Roberts companies,Unknown,Wikipedia
sunmicrosystems.com,Sun Microsystems,Sun Microsystems,Kohlberg Kravis Roberts companies,Unknown,Wikipedia
sungardavailabilityservices.com,Sungard Availability Services,Sungard Availability Services,Kohlberg Kravis Roberts companies,Unknown,Wikipedia
svpworldwide.com,SVP Worldwide,SVP Worldwide,Kohlberg Kravis Roberts companies,Unknown,Wikipedia
talpatv.com,Talpa TV,Talpa TV,Permira companies,Unknown,Wikipedia
tarkett.com,Tarkett,Tarkett,Kohlberg Kravis Roberts companies,Unknown,Wikipedia
tasc.com,"TASC,","TASC, Inc.",Kohlberg Kravis Roberts companies,Unknown,Wikipedia
telxius.com,Telxius,Telxius,Kohlberg Kravis Roberts companies,Unknown,Wikipedia
trainline.com,Trainline,Trainline,Kohlberg Kravis Roberts companies,Unknown,Wikipedia
trainlineeu.com,Trainline EU,Trainline EU,Kohlberg Kravis Roberts companies,Unknown,Wikipedia
transworldcorporation.com,Trans World Corporation,Trans World Corporation,Kohlberg Kravis Roberts companies,Unknown,Wikipedia
transphorm.com,Transphorm,Transphorm,Kohlberg Kravis Roberts companies,Unknown,Wikipedia
txuenergy.com,TXU Energy,TXU Energy,Kohlberg Kravis Roberts companies,Unknown,Wikipedia
ultimatefightingchampionship.com,Ultimate Fighting Championship,Ultimate Fighting Championship,Kohlberg Kravis Roberts companies,Unknown,Wikipedia
unitedenvirotech.com,United Envirotech,United Envirotech,Kohlberg Kravis Roberts companies,Unknown,Wikipedia
united.com,United,United Group,Kohlberg Kravis Roberts companies,Unknown,Wikipedia
usfoods.com,US Foods,US Foods,Kohlberg Kravis Roberts companies,Unknown,Wikipedia
vinhomes.com,Vinhomes,Vinhomes,Kohlberg Kravis Roberts companies,Unknown,Wikipedia
viridor.com,Viridor,Viridor,Kohlberg Kravis Roberts companies,Unknown,Wikipedia
visma.com,Visma,Visma,Kohlberg Kravis Roberts companies,Unknown,Wikipedia
vroomdreesmann.com,Vroom & Dreesmann,Vroom & Dreesmann,Kohlberg Kravis Roberts companies,Unknown,Wikipedia
webmd.com,WebMD,WebMD,Kohlberg Kravis Roberts companies,Unknown,Wikipedia
wella.com,Wella,Wella,Kohlberg Kravis Roberts companies,Unknown,Wikipedia
willis.com,Willis,Willis Group,Kohlberg Kravis Roberts companies,Unknown,Wikipedia
wincornixdorf.com,Wincor Nixdorf,Wincor Nixdorf,Kohlberg Kravis Roberts companies,Unknown,Wikipedia
winoa.com,Winoa,Winoa,Kohlberg Kravis Roberts companies,Unknown,Wikipedia
wolt.com,Wolt,Wolt,Kohlberg Kravis Roberts companies,Unknown,Wikipedia
wometcoenterprises.com,Wometco Enterprises,Wometco Enterprises,Kohlberg Kravis Roberts companies,Unknown,Wikipedia
wometcohometheater.com,Wometco Home Theater,Wometco Home Theater,Kohlberg Kravis Roberts companies,Unknown,Wikipedia
wtcwharf.com,WTC Wharf,WTC Wharf,Kohlberg Kravis Roberts companies,Unknown,Wikipedia
yorktowncenter.com,Yorktown Center,Yorktown Center,Kohlberg Kravis Roberts companies,Unknown,Wikipedia
zuffa.com,Zuffa,Zuffa,Kohlberg Kravis Roberts companies,Unknown,Wikipedia
zwift.com,Zwift,Zwift,Kohlberg Kravis Roberts companies,Unknown,Wikipedia
asurion.com,Asurion,Asurion,Providence Equity Partners companies,Unknown,Wikipedia
bolthousefarms.com,Bolthouse Farms,Bolthouse Farms,Madison Dearborn Partners companies,Unknown,Wikipedia
familychristianstores.com,Family Christian Stores,Family Christian Stores,Madison Dearborn Partners companies,Unknown,Wikipedia
firstchicagomethod.com,First Chicago method,First Chicago method,Madison Dearborn Partners companies,Unknown,Wikipedia
greatlakesdredgeanddock.com,Great Lakes Dredge and Dock,Great Lakes Dredge and Dock Company,Madison Dearborn Partners companies,Unknown,Wikipedia
lafitness.com,LA Fitness,LA Fitness,Madison Dearborn Partners companies,Unknown,Wikipedia
mitchellsfishmarket.com,Mitchell's Fish Market,Mitchell's Fish Market,Madison Dearborn Partners companies,Unknown,Wikipedia
nationalwholesaleliquidators.com,National Wholesale Liquidators,National Wholesale Liquidators,Madison Dearborn Partners companies,Unknown,Wikipedia
ruthschrissteakhouse.com,Ruth's Chris Steak House,Ruth's Chris Steak House,Madison Dearborn Partners companies,Unknown,Wikipedia
ruthshospitality.com,Ruth's Hospitality,Ruth's Hospitality Group,Madison Dearborn Partners companies,Unknown,Wikipedia
televisaunivision.com,TelevisaUnivision,TelevisaUnivision,TPG Capital companies,Unknown,Wikipedia
topps.com,Topps,Topps,Madison Dearborn Partners companies,Unknown,Wikipedia
transunion.com,TransUnion,TransUnion,Madison Dearborn Partners companies,Unknown,Wikipedia
yankeecandle.com,Yankee Candle,Yankee Candle,Madison Dearborn Partners companies,Unknown,Wikipedia
alectra.com,Alectra,Alectra,OMERS companies,Unknown,Wikipedia
bpcgenerationinfrastructuretrust.com,BPC Generation Infrastructure Trust,BPC Generation Infrastructure Trust,OMERS companies,Unknown,Wikipedia
brex.com,Bre-X,Bre-X,OMERS companies,Unknown,Wikipedia
brucepower.com,Bruce Power,Bruce Power,OMERS companies,Unknown,Wikipedia
ellevio.com,Ellevio,Ellevio,OMERS companies,Unknown,Wikipedia
marketwired.com,Marketwired,Marketwired,OMERS companies,Unknown,Wikipedia
sgncompany.com,SGN (company),SGN (company),OMERS companies,Unknown,Wikipedia
armacell.com,Armacell,Armacell,PAI Partners companies,Unknown,Wikipedia
asmodee.com,Asmodee,Asmodee,PAI Partners companies,Unknown,Wikipedia
ecotonecompany.com,Ecotone (company),Ecotone (company),PAI Partners companies,Unknown,Wikipedia
froneri.com,Froneri,Froneri,PAI Partners companies,Unknown,Wikipedia
nakedjuice.com,Naked Juice,Naked Juice,PAI Partners companies,Unknown,Wikipedia
tendam.com,Tendam,Tendam,Permira companies,Unknown,Wikipedia
veonet.com,Veonet,Veonet,PAI Partners companies,Unknown,Wikipedia
all3media.com,All3Media,All3Media,Permira companies,Unknown,Wikipedia
bestsecretgmbh.com,Best Secret GmbH,Best Secret GmbH,Permira companies,Unknown,Wikipedia
borsodchem.com,BorsodChem,BorsodChem,Permira companies,Unknown,Wikipedia
hugoboss.com,Hugo Boss,Hugo Boss,Permira companies,Unknown,Wikipedia
cambrexcorporation.com,Cambrex Corporation,Cambrex Corporation,Permira companies,Unknown,Wikipedia
ciscovideoscape.com,Cisco Videoscape,Cisco Videoscape,Permira companies,Unknown,Wikipedia
cognis.com,Cognis,Cognis,Permira companies,Unknown,Wikipedia
debitel.com,Debitel,Debitel,Permira companies,Unknown,Wikipedia
dinosol.com,DinoSol,DinoSol,Permira companies,Unknown,Wikipedia
drmartens.com,Dr. Martens,Dr. Martens,Permira companies,Unknown,Wikipedia
ebayenterprise.com,EBay Enterprise,EBay Enterprise,Permira companies,Unknown,Wikipedia
edreams.com,EDreams,EDreams,Permira companies,Unknown,Wikipedia
edreamsodigeo.com,EDreams ODIGEO,EDreams ODIGEO,Permira companies,Unknown,Wikipedia
evelynpartners.com,Evelyn Partners,Evelyn Partners,Warburg Pincus companies,Unknown,Wikipedia
ferretti.com,Ferretti,Ferretti Group,Permira companies,Unknown,Wikipedia
fostershollywood.com,Foster's Hollywood,Foster's Hollywood,Permira companies,Unknown,Wikipedia
galabingo.com,Gala Bingo,Gala Bingo,Permira companies,Unknown,Wikipedia
genesyscompany.com,Genesys (company),Genesys (company),Permira companies,Unknown,Wikipedia
hoggrobinson.com,Hogg Robinson,Hogg Robinson Group,Permira companies,Unknown,Wikipedia
iglo.com,Iglo,Iglo,Permira companies,Unknown,Wikipedia
intelligrated.com,Intelligrated,Intelligrated,Permira companies,Unknown,Wikipedia
jetaviation.com,Jet Aviation,Jet Aviation,Permira companies,Unknown,Wikipedia
justgroup.com,Just Group,Just Group plc,Permira companies,Unknown,Wikipedia
legalzoom.com,LegalZoom,LegalZoom,Permira companies,Unknown,Wikipedia
littlechef.com,Little Chef,Little Chef,Permira companies,Unknown,Wikipedia
lytx.com,Lytx,Lytx,Permira companies,Unknown,Wikipedia
magento.com,Magento,Magento,Permira companies,Unknown,Wikipedia
mcafee.com,McAfee,McAfee,Permira companies,Unknown,Wikipedia
mimecast.com,Mimecast,Mimecast,Permira companies,Unknown,Wikipedia
minted.com,Minted,Minted,Permira companies,Unknown,Wikipedia
netafim.com,Netafim,Netafim,Permira companies,Unknown,Wikipedia
nomadfoods.com,Nomad Foods,Nomad Foods,Permira companies,Unknown,Wikipedia
principalhotel.com,Principal Hotel,Principal Hotel Company,Permira companies,Unknown,Wikipedia
renaissancelearning.com,Renaissance Learning,Renaissance Learning,Permira companies,Unknown,Wikipedia
tilney.com,Tilney,Tilney Ltd.,Warburg Pincus companies,Unknown,Wikipedia
skydeutschland.com,Sky Deutschland,Sky Deutschland,Permira companies,Unknown,Wikipedia
squarespace.com,Squarespace,Squarespace,Permira companies,Unknown,Wikipedia
synamedia.com,Synamedia,Synamedia,Permira companies,Unknown,Wikipedia
teamviewercompany.com,TeamViewer (company),TeamViewer (company),Permira companies,Unknown,Wikipedia
telepizza.com,Telepizza,Telepizza,Permira companies,Unknown,Wikipedia
teracodataenvironments.com,Teraco Data Environments,Teraco Data Environments,Permira companies,Unknown,Wikipedia
travelodgebritishcompany.com,Travelodge (British company),Travelodge (British company),Permira companies,Unknown,Wikipedia
tredair.com,Tredair,Tredair,Permira companies,Unknown,Wikipedia
valentinofashion.com,Valentino Fashion,Valentino Fashion Group,Permira companies,Unknown,Wikipedia
valentinofashionhouse.com,Valentino (fashion house),Valentino (fashion house),Permira companies,Unknown,Wikipedia
zendesk.com,Zendesk,Zendesk,Permira companies,Unknown,Wikipedia
autotradercom.com,Autotrader.com,Autotrader.com,Providence Equity Partners companies,Unknown,Wikipedia
canaldigitaal.com,Canal Digitaal,Canal Digitaal,Providence Equity Partners companies,Unknown,Wikipedia
digiturk.com,Digiturk,Digiturk,Providence Equity Partners companies,Unknown,Wikipedia
edline.com,Edline,Edline,Providence Equity Partners companies,Unknown,Wikipedia
edmentum.com,Edmentum,Edmentum,Providence Equity Partners companies,Unknown,Wikipedia
ideacellular.com,Idea Cellular,Idea Cellular,Providence Equity Partners companies,Unknown,Wikipedia
kerasotestheatres.com,Kerasotes Theatres,Kerasotes Theatres,Providence Equity Partners companies,Unknown,Wikipedia
newporttelevision.com,Newport Television,Newport Television,Providence Equity Partners companies,Unknown,Wikipedia
nextag.com,NexTag,NexTag,Providence Equity Partners companies,Unknown,Wikipedia
tlsat.com,Télésat,Télésat,Providence Equity Partners companies,Unknown,Wikipedia
vodafonedeutschland.com,Vodafone Deutschland,Vodafone Deutschland,Providence Equity Partners companies,Unknown,Wikipedia
vodafoneidea.com,Vodafone Idea,Vodafone Idea,Providence Equity Partners companies,Unknown,Wikipedia
yesnetwork.com,YES Network,YES Network,Providence Equity Partners companies,Unknown,Wikipedia
aleaguemen.com,A-League Men,A-League Men,Silver Lake (investment firm) companies,Unknown,Wikipedia
aleaguewomen.com,A-League Women,A-League Women,Silver Lake (investment firm) companies,Unknown,Wikipedia
alibaba.com,Alibaba,Alibaba Group,Silver Lake (investment firm) companies,Unknown,Wikipedia
chaoticmoonstudios.com,Chaotic Moon Studios,Chaotic Moon Studios,Silver Lake (investment firm) companies,Unknown,Wikipedia
dell.com,Dell,Dell,Silver Lake (investment firm) companies,Unknown,Wikipedia
delltechnologies.com,Dell Technologies,Dell Technologies,Silver Lake (investment firm) companies,Unknown,Wikipedia
enterasysnetworks.com,Enterasys Networks,Enterasys Networks,Silver Lake (investment firm) companies,Unknown,Wikipedia
fanatics.com,"Fanatics,","Fanatics, Inc.",Silver Lake (investment firm) companies,Unknown,Wikipedia
housefulcompany.com,Houseful (company),Houseful (company),Silver Lake (investment firm) companies,Unknown,Wikipedia
imgcompany.com,IMG (company),IMG (company),Silver Lake (investment firm) companies,Unknown,Wikipedia
interactivedatacorporation.com,Interactive Data Corporation,Interactive Data Corporation,Warburg Pincus companies,Unknown,Wikipedia
motorolasolutions.com,Motorola Solutions,Motorola Solutions,Silver Lake (investment firm) companies,Unknown,Wikipedia
redventures.com,Red Ventures,Red Ventures,Silver Lake (investment firm) companies,Unknown,Wikipedia
seagatetechnology.com,Seagate Technology,Seagate Technology,Silver Lake (investment firm) companies,Unknown,Wikipedia
servicemax.com,ServiceMax,ServiceMax,Silver Lake (investment firm) companies,Unknown,Wikipedia
skype.com,Skype,Skype,Silver Lake (investment firm) companies,Unknown,Wikipedia
tripcom.com,Trip.com,Trip.com Group,Silver Lake (investment firm) companies,Unknown,Wikipedia
arm.com,Arm,Arm Holdings,Softbank,Unknown,Wikipedia
berkshiregrey.com,Berkshire Grey,Berkshire Grey,Softbank,Unknown,Wikipedia
blinkit.com,Blinkit,Blinkit,Softbank,Unknown,Wikipedia
bostondynamics.com,Boston Dynamics,Boston Dynamics,Softbank,Unknown,Wikipedia
compass.com,"Compass,","Compass, Inc.",Softbank,Unknown,Wikipedia
deutschetelekom.com,Deutsche Telekom,Deutsche Telekom,Softbank,Unknown,Wikipedia
eutelsatoneweb.com,Eutelsat OneWeb,Eutelsat OneWeb,Softbank,Unknown,Wikipedia
getaround.com,Getaround,Getaround,Softbank,Unknown,Wikipedia
gotoindonesiancompany.com,GoTo (Indonesian company),GoTo (Indonesian company),Softbank,Unknown,Wikipedia
grab.com,Grab,Grab Holdings,Softbank,Unknown,Wikipedia
hikemessenger.com,Hike Messenger,Hike Messenger,Softbank,Unknown,Wikipedia
inmobi.com,InMobi,InMobi,Softbank,Unknown,Wikipedia
olaconsumer.com,Ola Consumer,Ola Consumer,Softbank,Unknown,Wikipedia
one97communications.com,One97 Communications,One97 Communications,Softbank,Unknown,Wikipedia
opendoor.com,Opendoor,Opendoor,Softbank,Unknown,Wikipedia
oyorooms.com,Oyo Rooms,Oyo Rooms,Softbank,Unknown,Wikipedia
paytm.com,Paytm,Paytm,Softbank,Unknown,Wikipedia
sensetime.com,SenseTime,SenseTime,Softbank,Unknown,Wikipedia
snapdeal.com,Snapdeal,Snapdeal,Softbank,Unknown,Wikipedia
tmobileus.com,T-Mobile US,T-Mobile US,Softbank,Unknown,Wikipedia
tokopedia.com,Tokopedia,Tokopedia,Softbank,Unknown,Wikipedia
view.com,"View,","View, Inc.",Softbank,Unknown,Wikipedia
wagcompany.com,Wag (company),Wag (company),Softbank,Unknown,Wikipedia
wework.com,WeWork,WeWork,Softbank,Unknown,Wikipedia
zume.com,Zume,Zume,Softbank,Unknown,Wikipedia
anaplan.com,Anaplan,Anaplan,Thoma Bravo companies,Unknown,Wikipedia
coupa.com,Coupa,Coupa,Thoma Bravo companies,Unknown,Wikipedia
darktrace.com,Darktrace,Darktrace,Thoma Bravo companies,Unknown,Wikipedia
everbridge.com,Everbridge,Everbridge,Thoma Bravo companies,Unknown,Wikipedia
forgerock.com,ForgeRock,ForgeRock,Thoma Bravo companies,Unknown,Wikipedia
imperva.com,Imperva,Imperva,Thoma Bravo companies,Unknown,Wikipedia
instructure.com,Instructure,Instructure,Thoma Bravo companies,Unknown,Wikipedia
jdpower.com,J.D. Power,J.D. Power,Thoma Bravo companies,Unknown,Wikipedia
medallia.com,Medallia,Medallia,Thoma Bravo companies,Unknown,Wikipedia
nearmap.com,Nearmap,Nearmap,Thoma Bravo companies,Unknown,Wikipedia
nextgenhealthcare.com,NextGen Healthcare,NextGen Healthcare,Thoma Bravo companies,Unknown,Wikipedia
pingidentity.com,Ping Identity,Ping Identity,Thoma Bravo companies,Unknown,Wikipedia
proofpoint.com,"Proofpoint,","Proofpoint, Inc.",Thoma Bravo companies,Unknown,Wikipedia
qad.com,QAD,QAD Inc.,Thoma Bravo companies,Unknown,Wikipedia
qlik.com,Qlik,Qlik,Thoma Bravo companies,Unknown,Wikipedia
riverbedtechnology.com,Riverbed Technology,Riverbed Technology,Thoma Bravo companies,Unknown,Wikipedia
stampscom.com,Stamps.com,Stamps.com,Thoma Bravo companies,Unknown,Wikipedia
tungstenautomation.com,Tungsten Automation,Tungsten Automation,Thoma Bravo companies,Unknown,Wikipedia
tpg.com,TPG,TPG Inc.,TPG Capital companies,Unknown,Wikipedia
alltel.com,Alltel,Alltel,TPG Capital companies,Unknown,Wikipedia
avaya.com,Avaya,Avaya,TPG Capital companies,Unknown,Wikipedia
boomilp.com,"Boomi, LP","Boomi, LP",TPG Capital companies,Unknown,Wikipedia
continentalairlines.com,Continental Airlines,Continental Airlines,TPG Capital companies,Unknown,Wikipedia
directv.com,DirecTV,DirecTV,TPG Capital companies,Unknown,Wikipedia
fandomwebsite.com,Fandom (website),Fandom (website),TPG Capital companies,Unknown,Wikipedia
fandom.com,"Fandom,","Fandom, Inc.",TPG Capital companies,Unknown,Wikipedia
fendercompany.com,Fender (company),Fender (company),TPG Capital companies,Unknown,Wikipedia
grandecommunications.com,Grande Communications,Grande Communications,TPG Capital companies,Unknown,Wikipedia
greencross.com,Greencross,Greencross,TPG Capital companies,Unknown,Wikipedia
inghams.com,Inghams,Inghams,TPG Capital companies,Unknown,Wikipedia
jcrew.com,J.Crew,J.Crew,TPG Capital companies,Unknown,Wikipedia
lifetime.com,"Life Time,","Life Time, Inc.",TPG Capital companies,Unknown,Wikipedia
mendocinofarms.com,Mendocino Farms,Mendocino Farms,TPG Capital companies,Unknown,Wikipedia
midwestair.com,Midwest Air,Midwest Air Group,TPG Capital companies,Unknown,Wikipedia
rcncorporation.com,RCN Corporation,RCN Corporation,TPG Capital companies,Unknown,Wikipedia
solarwinds.com,SolarWinds,SolarWinds,TPG Capital companies,Unknown,Wikipedia
tacobueno.com,Taco Bueno,Taco Bueno,TPG Capital companies,Unknown,Wikipedia
univision.com,Univision,Univision,TPG Capital companies,Unknown,Wikipedia
washingtonmutual.com,Washington Mutual,Washington Mutual,TPG Capital companies,Unknown,Wikipedia
zilog.com,Zilog,Zilog,TPG Capital companies,Unknown,Wikipedia
allieduniversal.com,Allied Universal,Allied Universal,Warburg Pincus companies,Unknown,Wikipedia
amrest.com,AmRest,AmRest,Warburg Pincus companies,Unknown,Wikipedia
ant.com,Ant,Ant Group,Warburg Pincus companies,Unknown,Wikipedia
anteroresources.com,Antero Resources,Antero Resources,Warburg Pincus companies,Unknown,Wikipedia
ausmallfinancebank.com,AU Small Finance Bank,AU Small Finance Bank,Warburg Pincus companies,Unknown,Wikipedia
bauschlomb.com,Bausch & Lomb,Bausch & Lomb,Warburg Pincus companies,Unknown,Wikipedia
bergdorfgoodman.com,Bergdorf Goodman,Bergdorf Goodman,Warburg Pincus companies,Unknown,Wikipedia
bettercloud.com,BetterCloud,BetterCloud,Warburg Pincus companies,Unknown,Wikipedia
bhartiairtel.com,Bharti Airtel,Bharti Airtel,Warburg Pincus companies,Unknown,Wikipedia
bitsight.com,BitSight,BitSight,Warburg Pincus companies,Unknown,Wikipedia
capillarytechnologies.com,Capillary Technologies,Capillary Technologies,Warburg Pincus companies,Unknown,Wikipedia
capitalfirst.com,Capital First,Capital First Ltd.,Warburg Pincus companies,Unknown,Wikipedia
cargomatic.com,Cargomatic,Cargomatic,Warburg Pincus companies,Unknown,Wikipedia
cartradecom.com,CarTrade.com,CarTrade.com,Warburg Pincus companies,Unknown,Wikipedia
ceres.com,"Ceres,","Ceres, Inc.",Warburg Pincus companies,Unknown,Wikipedia
circleslife.com,Circles.Life,Circles.Life,Warburg Pincus companies,Unknown,Wikipedia
citymd.com,CityMD,CityMD,Warburg Pincus companies,Unknown,Wikipedia
cmd.com,CMD,CMD Group,Warburg Pincus companies,Unknown,Wikipedia
computeragemanagementservices.com,Computer Age Management Services,Computer Age Management Services,Warburg Pincus companies,Unknown,Wikipedia
computerland.com,ComputerLand,ComputerLand,Warburg Pincus companies,Unknown,Wikipedia
constructionline.com,Constructionline,Constructionline,Warburg Pincus companies,Unknown,Wikipedia
crowdstrike.com,CrowdStrike,CrowdStrike,Warburg Pincus companies,Unknown,Wikipedia
cyren.com,CYREN,CYREN,Warburg Pincus companies,Unknown,Wikipedia
dne.com,DNE,DNE Group,Warburg Pincus companies,Unknown,Wikipedia
embassy.com,Embassy,Embassy Group,Warburg Pincus companies,Unknown,Wikipedia
enduranceinternational.com,Endurance International,Endurance International Group,Warburg Pincus companies,Unknown,Wikipedia
esr.com,ESR,ESR Group,Warburg Pincus companies,Unknown,Wikipedia
everbank.com,EverBank,EverBank,Warburg Pincus companies,Unknown,Wikipedia
famedatabase.com,FAME (database),FAME (database),Warburg Pincus companies,Unknown,Wikipedia
fetchpetinsurance.com,Fetch Pet Insurance,Fetch Pet Insurance,Warburg Pincus companies,Unknown,Wikipedia
filmways.com,Filmways,Filmways,Warburg Pincus companies,Unknown,Wikipedia
fortegra.com,Fortegra,Fortegra Group,Warburg Pincus companies,Unknown,Wikipedia
gabes.com,Gabe's,Gabe's,Warburg Pincus companies,Unknown,Wikipedia
globalspec.com,GlobalSpec,GlobalSpec,Warburg Pincus companies,Unknown,Wikipedia
goodglamm.com,Good Glamm,Good Glamm Group,Warburg Pincus companies,Unknown,Wikipedia
homefirstfinance.com,Home First Finance,Home First Finance,Warburg Pincus companies,Unknown,Wikipedia
huiyuanjuice.com,Huiyuan Juice,Huiyuan Juice,Warburg Pincus companies,Unknown,Wikipedia
iconectiv.com,Iconectiv,Iconectiv,Warburg Pincus companies,Unknown,Wikipedia
idfcfirstbank.com,IDFC First Bank,IDFC First Bank,Warburg Pincus companies,Unknown,Wikipedia
infoblox.com,Infoblox,Infoblox,Warburg Pincus companies,Unknown,Wikipedia
insilicomedicine.com,Insilico Medicine,Insilico Medicine,Warburg Pincus companies,Unknown,Wikipedia
kalyanjewellers.com,Kalyan Jewellers,Kalyan Jewellers,Warburg Pincus companies,Unknown,Wikipedia
lendingpoint.com,LendingPoint,LendingPoint,Warburg Pincus companies,Unknown,Wikipedia
mattel.com,Mattel,Mattel,Warburg Pincus companies,Unknown,Wikipedia
metavante.com,Metavante,Metavante,Warburg Pincus companies,Unknown,Wikipedia
missionmotors.com,Mission Motors,Mission Motors,Warburg Pincus companies,Unknown,Wikipedia
modernizingmedicine.com,Modernizing Medicine,Modernizing Medicine,Warburg Pincus companies,Unknown,Wikipedia
networkinternational.com,Network International,Network International,Warburg Pincus companies,Unknown,Wikipedia
pacwestban.com,PacWest Ban,PacWest Bancorp,Warburg Pincus companies,Unknown,Wikipedia
payscale.com,PayScale,PayScale,Warburg Pincus companies,Unknown,Wikipedia
peterboroughsoftware.com,Peterborough Software,Peterborough Software,Warburg Pincus companies,Unknown,Wikipedia
piramal.com,Piramal,Piramal Group,Warburg Pincus companies,Unknown,Wikipedia
piramalrealty.com,Piramal Realty,Piramal Realty,Warburg Pincus companies,Unknown,Wikipedia
poundland.com,Poundland,Poundland,Warburg Pincus companies,Unknown,Wikipedia
primalpictures.com,Primal Pictures,Primal Pictures,Warburg Pincus companies,Unknown,Wikipedia
primerica.com,Primerica,Primerica,Warburg Pincus companies,Unknown,Wikipedia
pvrinox.com,PVR INOX,PVR INOX,Warburg Pincus companies,Unknown,Wikipedia
quikr.com,Quikr,Quikr,Warburg Pincus companies,Unknown,Wikipedia
reissbrand.com,Reiss (brand),Reiss (brand),Warburg Pincus companies,Unknown,Wikipedia
ruralmetro.com,Rural Metro,Rural Metro,Warburg Pincus companies,Unknown,Wikipedia
sbigeneralinsurance.com,SBI General Insurance,SBI General Insurance,Warburg Pincus companies,Unknown,Wikipedia
sheppertonstudios.com,Shepperton Studios,Shepperton Studios,Warburg Pincus companies,Unknown,Wikipedia
slickdeals.com,Slickdeals,Slickdeals,Warburg Pincus companies,Unknown,Wikipedia
mosaic.com,Mosaic,Mosaic Inc.,Warburg Pincus companies,Unknown,Wikipedia
sterlingfinancialcorporation.com,Sterling Financial Corporation,Sterling Financial Corporation,Warburg Pincus companies,Unknown,Wikipedia
survitec.com,Survitec,Survitec Group,Warburg Pincus companies,Unknown,Wikipedia
techcombank.com,Techcombank,Techcombank,Warburg Pincus companies,Unknown,Wikipedia
tradecard.com,TradeCard,TradeCard,Warburg Pincus companies,Unknown,Wikipedia
transdigm.com,TransDigm,TransDigm Group,Warburg Pincus companies,Unknown,Wikipedia
universalprotectionservice.com,Universal Protection Service,Universal Protection Service,Warburg Pincus companies,Unknown,Wikipedia
vitalenergy.com,Vital Energy,Vital Energy,Warburg Pincus companies,Unknown,Wikipedia
vringo.com,Vringo,Vringo,Warburg Pincus companies,Unknown,Wikipedia
warburgpincus.com,Warburg Pincus,Warburg Pincus,Warburg Pincus companies,Unknown,Wikipedia
webpt.com,WebPT,WebPT,Warburg Pincus companies,Unknown,Wikipedia
wnsglobalservices.com,WNS Global Services,WNS Global Services,Warburg Pincus companies,Unknown,Wikipedia
xiu.com,Xiu,Xiu,Warburg Pincus companies,Unknown,Wikipedia
yodlee.com,Yodlee,Yodlee,Warburg Pincus companies,Unknown,Wikipedia
yokohamaoffhighwaytires.com,Yokohama Off-Highway Tires,Yokohama Off-Highway Tires,Warburg Pincus companies,Unknown,Wikipedia
zhongouassetmanagement.com,Zhong Ou Asset Management,Zhong Ou Asset Management,Warburg Pincus companies,Unknown,Wikipedia
ziggo.com,Ziggo,Ziggo,Warburg Pincus companies,Unknown,Wikipedia
zimperium.com,Zimperium,Zimperium,Warburg Pincus companies,Unknown,Wikipedia
